,상영작/예정작 영화 제목
0,샹치와 텐 링즈의 전설
1,최선의 삶
2,인질
3,건파우더 밀크셰이크
4,코다
5,바쿠라우
6,맨 인 더 다크 2 
7,모가디슈
8,습도 다소 높음
9,사랑에 관한 짧은 필름
10,생각의 여름
11,살인에 관한 짧은 필름
12,싱크홀
13,노매드랜드
14,꽃다발 같은 사랑을 했다
15,리스펙트
16,여름날 우리
17,레미니센스
18,분노
19,캡틴 판타스틱
20,프리 가이
21,퍼피 구조대 더 무비
22,중경삼림
23,극장판 페이트/그랜드 오더 신성원탁영역 카멜롯 팔라딘; 아가트람
24,그린 나이트
25,이도공간
26,나는 나대로 혼자서 간다
27,사제로부터 온 편지
28,올드
29,인트로덕션
30,팜 스프링스
31,캐논볼
32,남색대문
33,갈매기
34,사냥의 시간
35,소셜 네트워크
36,자마
37,박강아름 결혼하다
38,잘리카투
39,묵향
40,귀문
41,코드 카림
42,아담
43,블랙 위도우
44,"구름의 저편, 약속의 장소"
45,별을 쫓는 아이
46,언어의 정원
47,언더그라운드
48,하이큐!! 땅 VS 하늘
49,더 수어사이드 스쿼드
50,숏버스 감성행
51,다이노 마이 프렌드
52,피닉스
53,교실 안의 야크
54,켈리 갱
55,오필리아
56,올리버 색스: 그의 생애
57,"우리, 둘"
58,은혼 더 파이널
59,69세
60,기담
61,너의 췌장을 먹고 싶어
62,암살자들
63,윤희에게
64,트립 투 그리스
65,화양연화
66,갈매기
67,강변호텔
68,극장판 도라에몽: 진구의 신공룡
69,너와 파도를 탈 수 있다면
70,너의 췌장을 먹고 싶어
71,더 나이트
72,더스트맨
73,데미지
74,독전
75,릴리 슈슈의 모든 것
76,메리 크리스마스 미스터 모
77,몽마르트 파파
78,바울
79,번지 점프를 하다
80,베로니카의 이중 생활
81,보스 베이비 2
82,북샵
83,빛나는 순간
84,세 가지 색 : 레드
85,세 가지 색 : 블루
86,수필러브
87,신세계
88,신은 죽지 않았다 3: 어둠 속의 빛
89,악녀
90,에로스
91,와인 패밀리
92,우리의 20세기
93,이별의 아침에 약속의 꽃을 장식하자
94,이스케이프 룸 2: 노 웨이 아웃
95,이중섭의 아내
96,정말 먼 곳
97,천로역정: 천국을 찾아서
98,콰이강의 다리
99,크레센도
100,하나와 앨리스
101,학교 가는 길
102,해피 투게더
103,호우시절
104,흩어진 밤
105,뉴욕의 왕
106,라임라이트
107,모던 타임즈
108,미스 사이공: 25주년 특별 공연
109,서커스
110,시티 라이트
111,위대한 독재자
112,콜
113,키드
114,파리의 여인
115,황금광시대
