,영화'맘마미아1' 감상평
0,"당신을 만날 수 있다면, 지금이 좀 더 외로워도 참아낼 수 있을 거 같다."
1,"뮤지컬영화  별루 안 좋아 하는데 맘마미아는 정말 최고네요눈과 귀를,호강시켜주는 영화"
2,상큼한데 달달하고 이게 무슨 맛인가 싶다가도 자꾸 생각나는 자몽에이드
3,눈과 귀가 즐거운 행복한 영화.
4,
5,아니 노래도 좋고 다 좋은데 자막 ㄹㅇ 가족끼리보는데
6,"보고 또 보고, 또 보고 보고."
7,오바떠는 연기가 너무 보기싫고 힘듦
8,? 지금 내가 뭘 본거지..
9,"내 첫 뮤지컬 영화, 감동으로 다가서다."
10,최고의 영화이지요 맘마미아
11,"배우들의 풍성한 감정표현과 성량, 노래, 연출, 배경, 스토리 다 좋았다. 매년 1-2회 감상한다. 특히 여름날에 보면 시원한 배경과 함께 자유롭게 여행 다녀온 느낌이 드는 인생 영화! 추천합니다!"
12,2021년에 봐도 감동적
13,어렸을땐 몰랐는데 커서 보니까 너무너무 재밌네요ㅜㅜ 보는 내내 엄마 생각나서 눈물이....
14,아니 세상에... 맘마미아2가 9점대인데 1이 8점대인게 말이되나ㅋ 평점 올리기 10점. 뮤지컬영화중에 최고..
15,"그리스 배경에 청량한 느낌, 항상 웃고 있는 배우분들의 표정, 중독성 강한 Ost까지 정말 작품성이 높은 탄탄한 스토리는 아니지만 행복해지고 싶을 때 보는 인생 영화"
16,아름다운 영상과 상황에 맞는 멋진 노래들
17,아만다 사이프리드 너무 예쁘고 영화도 재밌어요ㅠㅠ 시즌2도 얼른 봐야겠네요
18,보는 내내 가슴이 뛰는게 느껴졌던 영화. 내가 지금까지 봤던 그 어떤 영화들보다도 좋다.
19,와.. 아만다 진짜 이쁘다...와.. 이노래도?와.. 이 노래도오?!
20,아바의 주옥같은 노래와 도나와 멋진 세오빠와 그리고 아름다운 그리스 바다. 뭐가 더 필요할까?
21,아름다움. 즐거움. 미소짓고 있지만 눈물나는 인생영화♡
22,내인생 최고의 영화를 꼽자면 당연히 맘마미아라고 할수있을정도로 맘마미아를 좋아하고 많이 봤지만 볼때마다 즐겁고 새로운영화다 맘마미아를 처음본게 초등학생땐데 그후 10몇년이 지난 지금까지도 자주 찾아보고 노래를듣곤한다 볼때마다 나에게 감동을주는 세월이 아무리지나도 촌스럽지않은 영화이다.
23,ㅠ행ㅠ복ㅠ해ㅠ진짜 절대후회업는영화암튼보세ㅐ요
24,"색감으로 연출력을, 노래로 산만함을, 연기로 캐릭터성을 가리려는 꿈"
25,"존잼,,,뮤지컬영화 안 좋아하는데 속는셈 치고 유명하니까 봤는데꿀잼 ㅜㅜ 유쾌하고 노래 너무 좋다 ,, 댄싱퀸이랑 맘마미아 ,,이거보고 그리스 가고 싶어짐 풍경 너무 아름답다아만다 사이프리드 개이뿌다; 기회가 된다면 또 보고싶은 영화임"
26,굿입니다
27,너무 기대를 한 탓인가 흥겹고 반짝반짝 하지만 생각보다 지루했었다
28,음악이 너무 좋아요!!
29,너무나 행복해 지는 아름다운 뮤지컬영화
30,볼 때 마다 행복해지는 영화
31,메릴 스트립 저 나이에 노래도 잘 불러 춤도 잘 춰... 믿보배??ㄹㅇ 내 인생 영화 띵작 ㄹㅇ감동적이면서도 약간의 코미디가 있고 보는 내내 웃고 있음...ost다 좋아메릴 스트립 입덕 완료
32,"영화보다가 중도포기한건 이게 처음이다. 익숙한 노래 나오는거 말고는 정말 재미없네. 후반부에는 재밌을지 어떨지 모르겠지만, 꾹 참고 볼 영화까지는 아닌것 같다. 일단 점수는 보류하는걸로 하고 5점."
33,이걸 엄마랑 딸이 같이 손잡고 봐야한다는 사람들은 도대체 무슨 생각인걸까
34,그냥 노래만 들으세요
35,너무너무너무너무조아요
36,
37,
38,너무 재밌고 음악이 너무 좋네요!
39,여자들이 남자와 연예관계에대해 웃어대면서 노래하는이야기. 노래는좋지만 소재가 엄연히 여성적이라 남자들에겐 재미없음. 순정장르를 좋아하는사람이나 봐라
40,내가 봤던 뮤지컬 영화 중에서 처음부터 끝까지 가장 완벽한 영화
41,
42,"궁금해서 한번 봤는데 스토리가 헐.... 이네요. 개막장 스토리는 외면하고 노래, 춤, 배경 이런거 구경하는 재미로 보면 그럭저럭 볼만한듯.."
43,내가 이영화를 24살때 처음 봤고 지금 딸이 6세이다.딸이 20살이 됐을때 꼭 같이 보고 싶은 영화.내생애 베스트 탑5안에 드는 명작♡♡♡♡
44,진짜 최고의 뮤지컬 영화
45,아무리 뮤지컬 영화라도 시작부터 끝까지 집중할 수가 없는 내용.역하렘이나 판타지를 꿈꾸는사람들에겐 좋을듯. 아바의 음악만 좋다.
46,"음악, 풍경, 분위기는 좋았으나 스토리는 도저히 공감이 안가서 아쉬웠다.. 스토리의 아쉬움때문인지 크게 남는건 없는 느낌.. 마지막 끝날때 연이어 나오는 아바의 곡들이 그나마 영화를 빛내주는듯"
47,세상어디에도없는 수면영화
48,제 인생영화에요ㅠㅠ
49,스토리 ?
50,"뮤지컬 영화 좋아해서 챙겨보는데 이건 보다가 끔...스토리도 그렇고 오바스럽고 산만한 연기, 연출도 다 병맛임...좋은건 노래뿐"
51,
52,
53,사랑스럽고 귀여운 영화OST마다 고유의 개성이 있고 독창적임아빠가 과연 누구일까에 대한 의문만 들다가 예상치못한 모성애 넘치는 장면과 OST가 가장 인상적이었음
54,
55,스토리는 별로지만 영상미 배경 연기 노래 등등 지루할틈이 없다
56,
57,
58,
59,
60,You can dance you can jive~~♪ 다시 보면서 같이 춤췄다
61,뮤지컬을 먼저 봤어서 익숙한 노래랑 안무가 반갑고 즐거웠다 예쁜 배경과 분위기는 덤
62,
63,뮤지컬 영화는 겨울왕국과 맘마미아가 양대산맥이다 메릴 스트립 최고~~♥♥♥
64,스토리 괜찮은데요? 막장컨셉 잡은거 같은데 막 스토리때문에 영화가 별로란 것은 이해못하겠네요 노래 좋고 재밌어요 근데 결말은 좀 아쉽긴함
65,말도 안되는 로맨스영화를 보고 힐링을 얻기도 한다. 마지막 흘러나온 노래처럼 누구나 망상일지라도 꿈을 꾸는 건 죄가 아니니까.
66,아바의 음악을 듣는 것만으로도 넘 좋아요그중에서 skipping through my fingers는 나의 엄마 나의 딸에게 느끼는 가슴찡한 감정을 잘 그려냈어요아침에 눈물 바다~~
67,재밌네요 2008년 영화를 2020년에 보지만 ㅎㅎ
68,신나는 노래와 아름다운 배경으로 펼쳐지는 막장드라마
69,
70,
71,
72,맘마미아보면서 가장 신기한점은 모두 춤추고 웃는 댄싱퀸 음악 씬에서 눈물이 하염없이 흐른다는 것..ㅠㅠ
73,좋은 OST와 좋은 영상미 흥미로운 소재 그러나 아쉬운 전개 밑도끝도 없는 개연성 캐릭터의 행동에 대한 빈약한 동기뮤지컬장르는 어느정도 감수하고 본다지만 영화로서 매우 빈약한 스토리
74,"맘마미아2도 재밌게 봐서, 검색하여 맘마미아 1을 나중에 봤는데...  코믹하고 더 재밌었음... 아바의 추억의 명곡들과 함께한 영상들은 최고 였어요 ~"
75,
76,"아무리 노래로 때운다지만, 너무 막장스토리에 노래에 장면을 맞추려니  오히려 어색해지는 부분이 있다."
77,
78,음악 최고 작품도 조음!!!
79,
80,진짜 뮤지컬이라 스토리에 상대적으로 덜 신경써서 그렇지 개막장스토리네요ㅋㅋㅋ 넘버는 좋습니다
81,너무 재밌게봤네요 한편의 뮤지컬
82,"처음 개봉했던 7살때부터 지금까지 반 년에 한 번 이상은 꼭 보고 있는 영화 입니다. 분위기, 연출, 연기 하나 빠지는 곳이 없고 아직도 맘마미아만 보면 심장이 두근거려요. 다시 한 번 상영관에서 보고싶어요."
83,
84,댄싱퀸 부를때부터 그냥 눈물이 나네
85,영원히 기억될 Abba!!
86,
87,사랑스러운 소피의 모습 그림같은 동화같은 배경아름다운 음악.그리고 솔직한 사랑이야기
88,"배경도 너무 아름답고, 소피도 사랑스럽고 노래도 너무 잘하고 목소리가 정말 꾀고리 같다.불행할 수 있는 가정을 유쾌하게 그려서 너무 좋았고, 결혼식 직전에 도나랑 소피가 노래 부르는 장면에서는 눈물도 찔끔 났다. 도나가 결혼하는 것도 좋았는데 왜 하필 샘이었는지는 이해가 안간다 유부남인데,,,제일 잘생겨서 그런가"
89,아바의 명곡들과 영상미가 돋보이는 좋은영화입니다.
90,너무 노래가 좋아요.  연기도잘하고..다좋아요.
91,
92,맘마미아! 또 시작이야!
93,다시 봐도 유쾌하네 ㅋㅋㅋ어찌보면 막장인데왤케 입꼬리가 안내려가냐 ㅋㅋ세상 즐겁닼ㅋ
94,연출 연기 캐스팅 ost 다좋은데스토리로 말아먹어버리네
95,강력추천 지금이라도 봐서 다행입니다
96,
97,영화가 끝나고 마지막에 나오는 춤과 댄스가 영화의 끝을 마무리하기에 좋았다
98,평범한 스토리를 즐기게 해주는 노래.
99,
100,이 영화를 한번만 본 사람이 있을까?'그리스를 배경으로 펼쳐진 스토리. 인생영화.
101,영화관에서 맘마미아2를 먼저 보고 오늘 1을 처음 봤는데 너무 재밌었다. 중간에 노래 부르는 장면 몇몇에서는 눈물이 났다. 섬의 풍경도 예쁘고 노래들도 좋고 여러모로 좋았던 영화 !!!
102,메릴스트립 연기는 정말 몰입도 최고아만다 존예세아빠들도 근사하고엄마친구들도 매력터짐
103,그리스 여행 적극 권장 영화
104,재밌네요. 감동이었어요.
105,최고에요! 동시대 사람이라 행복합니다!
106,
107,아바라는 그룹에 대해서만 알고 있었지만 이 영화를 통해 그들의 노래를 좋아하게 되었어요! 학교에서 봤는데 OST는 정말 좋았습니다.하지만 스토리 전개가 많이 아쉽네요.
108,"엄마와 같이 한번쯤은 봐야할, 볼만한 영화"
109,막장인 감이 없지 않아 있지만 그 모든걸 감안하게 해주는 노래들
110,
111,"스무살때는 지루한 영화였지만, OO이 지난 지금은 너무나도 멋지고 감동적인 영화"
112,"설정 자체도 막장에 말이 안되고, 뮤지컬영화면 스토리에 맞게 노래가 나와야되는데, 이 영화는 아바 노랠 다 끼워 넣으려고 억지로 스토리를 만든 느낌임"
113,ㄷㄷ 막장행보를 노래와 춤으로 미화하면 끝?다음시리즈엔 아예 강간범을 주인공으로 내세우자.춤과 노래로 전부 미화시키자고.
114,결말이 다소 어이없으나 상당히 재밌고 유쾌하며 도나가 딸머리 빗으면서 부른 노래가 감동적이다
115,
116,사이프리드 너무 사랑스럽당 미쳐버리게.
117,최고다 이말말곤 할 말이없다
118,어렸을 때 부모님이랑 봤었는데 지금은 23살이네요. 당시에는 그냥 노래 좋고 아만다사이프리드 예뻐서 봤었는데 지금 다시보니까 괜히 자식 키우느라 청춘을 날려버린 엄마 생각에 괜히 울컥하면서 봤습니다 ㅠㅠ
119,당시에 안보고 오늘에서야 이 영화를 봤다 말이 필요없다!
120,뮤지컬영화라고 무시했다가 후회됨
121,"아만다 사이프리드 노래가 기대 이상이였고, 귀가 즐거운 뮤지컬 영화."
122,너무 재밌는데 말이 더 필요할까
123,수십번을 봐도 감동적인 최고의 영화. 노래는 물론이고 이런 명배우들의 조합을 어느 영화에서도 볼 수 없다. 특히 메릴스트립의 팬으로서 강추
124,아주 너무 감명깊게봤오용~ 뮤지컬 보다 더더더 아주 잼나네요
125,"..,,.,,.,,"
126,콜린의 목소리 넘 놓아요
127,보랩하고 맘마미아 내인생 최고의 음악 영화 !
128,"노래하고 춤추는 행복한 인생, 그것이 꿈일지라도 마음은 풍요로워진다"
129,흥이 넘치게 하는 뮤지컬 영화!
130,jluykytjrt
131,아바뽕은 줄거리 캐릭터 연출을 뛰어나게 하는 뭔가가 있다
132,아바의 클라스는 영원하리
133,"인생영화, 도나와 친구들이 소피보다 더 빛났던 스토리이다."
134,노래만 좋음 10자 이상
135,가슴이 벅차오르는 영화입니다
136,"뛰어난 배우들의 춤과 노래, 그 자체로도 이미 메인 디쉬지만 완벽한 마무리를 완성케하는 달콤한 감동 한 스푼"
137,뮤지컬을 영화로 옮긴 완벽한 성공 사례
138,남주 노래 실력빼고는 완벽
139,"진짜 주인공은 소피가 아니라 도나인것같다. 젊은날 짧은 사랑들을 보내고, 새로운 사랑인 소피를 만났다. 세월이 지나고 어여쁜 딸을 보내는 도나.. 그 허전하고 기특한 마음이 고스란히 느껴졌다."
140,아만다가 예쁘고 음악이 좋아 그나마 5점 줌. 영화는 재미 없음.
141,나이가 드니 최고의 지존은 아바였다는 것을 세삼 느끼게 해줍니다.
142,이런 황당무개한 얘기의 영화였다니ㅋㅋㅋ 아빠가 세명ㅋㅋ
143,참 소중한 영화!!!!
144,지금해서 들어옴 흑흑 ㅇㅇ
145,아바노래가 넘 조타~~~
146,이거 보다가 눈물을 흘렸다
147,뮤지컬영화중 최고일 듯
148,보면 행복해 지는 영화! 나도 저런 사랑을 해 보고 싶다는 생각을 하게 해요 ~
149,신비롭다. 재밌다.멋지다.
150,엔딩 크레딧 끝까지 올라가는 거 다 본 영화는 생전 처음. 음악 때문에 끌 수가 없다.
151,2 필요없고 그 자채로 넘 좋았었던 영화인데.... 보면볼수록 매력적이다 노래며 배우며
152,ABBA 명곡들의 향연... 노래만 들어도 즐겁네요
153,맘마미아 노래는 언제나 들어도 신나네여♡
154,엄마의 젊은시절이라는걸 처음 상상하게 해준 영화입니다...음악도 너무 좋구요 저는 보는내내 울었어요 우리 엄마는 코골고 잤지만요 ㅋ
155,엥 대환장파티로 이름 바꾸면 어떰? 뭔내용임 내 뇌를 한번 뿌시고봐야 이해갈 내용
156,노래는 역시나 좋지만..내용이 별로여서 졸았다 안타깝다ㅠ
157,2편을 먼저 봐서 그런지 매 장면의 임팩트나 짜임새가 덜하다는 느낌이 들었어요
158,딸의 결혼식을 미루게 만든 어머니와 세구멍동서의 이야기네  아바 노래를 저급하게 만드네 노래가 아깝다  이딴 영화 평점이 이리 높다니  차라리 영화를 몰랐다면 좋았을것을 괜히봤네
159,아바 명곡들이라는 최고의 재료들을 가지고 이따위 양념질밖에 못해?
160,지루해 뮤지컬음악은 노래 좋은걸로보는데노래도 딱히 좋진않음
161,"자기 아버지가 누군지도 모른다는건 어머니가 며칠 사이에 많은 남자에게 몸을 팔았다는 말 아님?? 그 더러운 스토리를 찬양하는 사람들을 보면 참 기가 막힌다ㅋㅋ 그래놓고 메갈들은 ""한낱 스쳐간 남자일뿐""이라며 개소리를 해대는데 알고보니 감독이 페미감독."
162,노래부르고 춤추는게 처음에는 오글거릴 줄 알았더만 그게 다 등장인물의 심리를 잘 표현하며 방법중의 한 방법이다. 자신의 감정을 저렇게 춤과 노래로 드러낸다는 것은 본 받아야할 개방적인 문화인 것 같다.
163,OO 스토리에 최고의 OST
164,노래는 좋지만 뭘 표현하고 싶은건지 모르겠다. 중장년의 개방적인 러브스토리인지 미혼모와 딸의 사랑인지. 갑자기 결혼식을 엎어버리질 않나 뜬금 없는 엄마의 결혼식이 되어버리질 않나.. 개인적으로는 이해도 안되고 난해한 스토리..
165,내 감성이랑 안맞음 뭔 영화인지 모르겠다
166,메릴스트립이 몰입 방해. 도나 캐릭터의 매력을 살리지 못한다. 안예쁘고 매력없고
167,엄마가 왜 좋아하는지 알 수 있었고.. 아바버전도 좋지만.. 배우들 버전 대박.. 가슴 벅찬 영화ㅠㅠ
168,뷰만 보기 좋지 나머지는 별루
169,지루할 틈이 전혀 없는 ㅈㄴ재밌는 영화.
170,뮤지컬 영화를 비선호하는 나에겐 그저 그런. 좋아하는 배우들이 많이 나와 만족뿐이었던.
171,꿀같은 아바의 노래들을 들을 수 있어 좋았음
172,도저히 집중 안되어서 극장에서 잠들었음.
173,더러운 저질스토리를 뮤지컬+지중해풍경+중장년층 감성(써니감성)으로 포장한 영화 그이상 그이하도 아님. 성관계 문란하게 해서 지아빠가 누군지도 모르는 딸결혼식에 이복자식잇는 애아빠와 엄마가 불륜재혼하는게 니들이 꿈꾸던 개방적이고 일탈이냐?ㅋㅋㅋ
174,이 즐거운 영화에 왜 눈물이 나는건지ㅠㅠ보는 내내 미소 띠며 봤어요. 기분 좋아지는 영화!
175,"아만다 사이프리드 엄청 예쁘게 나왔고, 가볍게 보기 좋다. 근데 아바 노래만 나오니까 너무 단조롭고, 퍼포먼스도 그닥.. 처음엔 정말 재밌었는데 가면 갈수록 질림. 뮤지컬로 보는게 훨씬 더 재밌을듯. 뮤지컬 영화의 장점을 못살림."
176,좋아요 노래도 좋고 괜찮음
177,유대인 캐나다 미국 영국.... 대사를 노래처럼 해서 안볼랬는데 아바의 댄싱퀸 같은 아는 노래도 나오고 그래서 편하게 잘 봤어요. 메릴 스트립이 엄청 젊어보여 놀라웠습니다
178,재밌긴한데 후반에 너무 막장..이어서 당황
179,호불호가 갈리는 듯 난 진짜 별로였다
180,익숙한 멜로디와 음악들. 여주와 남자 셋이 배 위에서 기타치며 부른 노래가 가장 인상깊고 좋았다. 서양이라 유쾌하게 보이지만 알고보면 막장 드라마.
181,어린시절 아름답고 유쾌한세상이 존재한다는걸 보여준 영화
182,너무조아용 예전에 봤었는데 또보고싶네요
183,"옛날엔 어땠을지 몰라도 지금 보기엔 너무나 올드하고 촌스럽기 그지 없다. 댄싱퀸이나 주제곡 노래는 너무 좋은데 배우들 안무도 너무 합이 안맞는듯 하고 막춤 추는것도 아니고 연출, 대사 너무 촌스럽다.. 참고로 이 시기에 아이언맨1이 개봉했으니.."
184,진짜 제인생영화ㅜㅜ몇십번을 돌려봐도 너무재밌어요
185,Abba의 명곡 배우들의 열연 이 2가지는 좋았으나 스토리가 좀 아쉽다 아만다 목소리 왤캐 좋은지 i have dream 부를때 깜짝 놀랬음
186,내생의 최고의 영화싱그럽고 싱그럽고 싱그럽다
187,당시에는 어땠을진 몰라도 정서적으로 별로 안맞는것같다.배경이 이쁜것 빼고는 별로..개인적으로 솔직히 B급느낌까지 났다.이게 왜 유명한건지..레미제라블에 비교하는건 시대적 연출이나 스케일로도 무리지만.내용면만 봐도 시스터엑트나 사운드오브 뮤직이 훨낫다.
188,그냥 매혹적인 장면장면들로 이어져 완성된 멋진 뮤지컬영화~
189,노래가 너무 좋음.. 2탄보구 이것두 보게되었음~~~~
190,"미국문화의 문란한 성문화를 제대로 알려주는영화가임기간에 대체 몇명의 남자와 성관계를 했으면 자기 딸 아빠가 누군지도 모를까이런영화가 12세 관람가라니...그냥 아바 노래 들으며 ""걸어서 세상 속으로 ""보는게 나을꺼같다.."
191,"노래는 확실히 좋으나 , 스토리가 너무 막장이라서 .. 주관적인 점수는 8점 정도?"
192,"1,2 모두 인생영화!"
193,"레미제라블 미녀와야수 등 뮤지컬영화 다 재미있는데..유일하게 재미없는 영화..영화관에서 보다잤는데 혹시나해서 다시봐도 재미없음.도나는 못된 할머니가 머리 기르고 이쁜척하고,단발머니 못생긴 아줌마랑 흑인남자 신은 정말 토나옴."
194,이걸 왜 지금에서야 봤을까? 음악들도 좋고 재밌는 영화. 이런 뮤지컬 영화는 대환영이야!!
195,"그녀 자체로 눈부셨고, 그녀가 그리스였다"
196,"유치하고 엉성한, 저질스런 막장 이야기"
197,최고의 뮤지컬 영화..
198,다시 봐도 너무 재밌어요. 캐릭터가 주체적으로 이끄는 게 너무 재밌어.
199,이딴게 8점이라이니이해더럽게안가에2
200,음.. 지금 봐서 그런진 몰라도 지루한 감이 없지 않아 있다. 그 시절 막 개봉 햇을 때 봤다면 10점 만점에 10점을 줬을 것 같다.
201,노래나오는 모든 장면이 명장면 ㅎㅎㅎ 크... 두고두고 다시 볼 띵작이다
202,뮤지컬로 막장내용을 용서하라고?
203,2편 보기위해 방금 봤는데...우리나라 정서와는 동떨어지는 상황이었어요;;어디서 감동을 받아야하는지??
204,맘마미아를 가장 잘 이해하고 애정하는 사람들이 모여 만들어낸 환상적인 파티! 아바라는 소재는 마법의 꽃가루를 뿌리고 당혹스러운 갈등구조는 이내 화합의 밑거름이 된다. 허나 나에겐 Winner takes it all을 토해내던 그순간이 각인된 먹먹한영화
205,최고예요 최고최고 ㅎㅎ
206,진짜 진짜 진짜  소중한 영화
207,맘마미아~~ 맘마~마어
208,와 진짜 거의 다 아는 노래 나와서 신기했다..
209,너무 이쁘고 흥겹고 최고
210,ost만 너무 좋았던 영화
211,"우울한 시기에 보게 됐는데, 보다보니 치유 받는 느낌도 들고 더 나아가 연기자들의 흥에 함께 빠져 그순간은 더할나위 없이 행복했음.정말정말 기분 좋은 영화^^"
212,제일 좋아하는 영화가됨
213,Perfect!!! 진짜 너무 힐링이었다
214,이제 다시 보니 어릴때 보았던 그저 유쾌한 뮤지컬영화가 아니였구나..무수한 감동과 환희들이 별빛처럼 내게 쏟아져 들어온다
215,"내용은  별로 없고,노래만 듣게 되네요.여친과 2편을 예매하려고,1편을 먼저 봤는데,뮤지컬 영화가 생소해서 그런지 별로네요.하지만, 영화는  잘 만들어진 것 같아요.여친는 좋아할듯."
216,원래 좋아하던 영화인데 2를 보고 보니까 더 새롭게 느껴졌어요 역시 최고
217,넘 좋다 진짜 인생 영화..ㅠㅠ
218,10년후 엄마와 다시본영화1편과다르게 2편에선 많은생각과 눈물이났다. 나도 아기를낳은 엄마가됐기에.10년이 지난뒤3편이나오면 또엄마랑 같이볼수 있을까..혼자 앉아 이영화를 다시마주한다면 목놓아 울거같다
219,진짜 1이 최고다 1이 있었기에 2도 나올수있었다. 영화자체에서 나오는 흥겨운 느낌과 기운에 그냥 어느새 몸이 움직이고있다.
220,다시 봐도 인생영화 비포선라이즈급 영화 이다. 자식과 엄마 애인과 나 엄마의 인생 모든것을 담은 뮤지컬 영화다 노래 배우 연기 빠지는것이 없는영화
221,1탄의 댄싱퀸은 정말 최고의 작품이다 도나엄마 보고싶어요 ㅜㅠ
222,댄싱퀸 나올때 눈물 나옴. 맘마미아 영화를 이제서야 처음보는데 엄마와 딸이 보기 좋은 영화임.
223,그니까요. 왜 저도 Dancing queen 을 들으면 울컥하는지..
224,맘마미아 2보기 전에 봣다가 다시 보고 싶어서 돌앙호ㅓㅅ어요 보곳ㅍㅎ다  영화관에서 재개봉 언 해요>?
225,너무 재밌네요♡ 최고에요
226,편하게 보기 좋음 음악 영화
227,취향차이.... 노래는 분명 좋지만 오버스러운거랑 스토리가 별로..
228,엄마랑 같이보기 너무 좋은 영화
229,배우들 연기력도 대단하고 감독의 연출력도 대단하다.
230,"한줄요약: 아이고, 내 결혼식인 줄 알았는데 울엄마 결혼식이었네 ㅠ 아만다의 리즈시절 외모와 예상치 못한 가창력이 사나이 가슴에 불을 지피는 영화."
231,눈과 귀의 즐거움을 주는 영화
232,너무 감동적이다. 크고보니 어릴 때 봤던 그 영화가 아니었다.
233,이영화 특징 여자가 집안일 안하고 춤추는게 맘에 안드는 남자들만 스토리 막장이라고 욕함 ㅋ
234,벌써 10년이나 되었다니 다시봐도 감동입니다
235,"억지로 쥐어짠듯한 내용과 연출. 하지만 OST는 너무나도 좋았다,,"
236,1 없인 2도 없었어요 감동 ㅠㅠ
237,1 없인 2도 없었어요 감동 ㅠㅠ
238,영화 전체를 이끌어가는 ost 의 힘
239,억지스러운 스토리. 보는내내 내가 뭘 보고 있는 건가...
240,이게 왜 평점 8.44밖에 안되는지.. 9점 이상은 되어야 한다고 생각한다 청량음료 마신거 같은 풍경과 음악의향연 인생영화.
241,"레미제라블,비긴어게인,라라랜드,위대한쇼맨. 다 재밌게봤는데 맘마미아를 이제야 봄. 스토리 배경설정 막장과 뜬금없는 전개 등에 실소. 여배우들 비쥬얼이 하... 영화에 너무나 몰입이 안됨. 아바의 노래만 좋다."
242,도나의일기에적힌세남자피어스브로스넌스텔란스카스가드콜린퍼스를결혼식날자신의손을잡고입장해줄아빠로초대한소피그리스섬에모우모여과거의사랑을그리고현재의사랑을그리며신나게노래부른다♬은진구로아빽빈스브로아직도기대가많은그대♬자유롭게사랑하고자이브를추며인생을즐기는바로우리가댄싱퀸♬
243,굿굿굿굿역시노래가좋아야
244,아만다 사이프리를 볼그뿐.
245,영원한 나의 인생영화!
246,기괴한 스토리도 아바의 노래와 함께라면
247,즐겁고 따뜻한 가족 영화
248,감히 말할 수 있는 내 인생 최고의 영화
249,뮤지컬 영화하면 바로 생각나는 이름. 뮤지컬 맘마미아도 꼭 기역해줘요.
250,진짜감동이었어요♡♡♡
251,진짜 최고의 영화!!!!
252,저런 섬에서 살면 맨날 바캉스온기분 ~맨날 맨날 소 풍온기분~노래가저절로~~
253,얼마전에 맘마미아1 안본채로 2를 보고 좀전에 1을 봤는데 진짜 멋진 영화다.. 왜 이걸 이제서야 봤나 싶다 왜 명작인지 알거같다아만다 사이프리드 너무사랑스럽고 목소리도이쁘고  메릴스트립 연륜도있으신데 노래도잘하고 연기도잘하고 매력에 빠져들려고 한다
254,내 인생 영화.. 맘마미아1 재개봉 해줬으면.
255,힐링이되는영화임많이보세요
256,"영화에서 The Winner Takes It All이나, Dancing Queen이 나오는 장면들을 최고로 꼽는데...이 영화에서 최고의 엔딩은 엔딩크레딧이 올라갈때 아만다 사이프리드가 부른 Thank you For The Music 이 흐를때였다."
257,"최고. 진짜 스토리부터 ost에 연기실력, 가창력까지 완벽해요."
258,정말 기분이 좋아지는 영화입니다
259,이미 늙었다 생각하던 나에게 뒤통수 크게 한방 날린 영화
260,"음.. 중후반부에 괜찮다 싶은 장면이 있기는 했지만, 저는 전반적으로 뭐지?싶은 영화였어요. 2편이 나온다고 해서 1편을 다운받아 본건데, 음 글쌔요?  그렇지만 나쁘지는 않았어요. 시간 때우기로 본다면 볼만합니다!"
261,지루하다는거 1도 못느꼈다. 진짜 재밌는 영화.
262,서양식 개막장 드라마 ㅋㅋㅋㅋ 2탄을 기다리며 복습겸 다시봐도 꿀잼
263,댄싱퀸 노래나올때가 최고
264,1점 준 애들은 보긴 봤냐 이거?
265,밥맛 아줌마들을 살리는 아바의 명곡들!
266,모든것이 좋은 인생영화
267,아바를 정말 좋아하고 메릴 스트립과 다른 배우들이 직접 노래했다는 점에 매우 놀라웠고 아만다 존예이긴 하지만 이런 스토리는 현실에선 정말 막장오브막장ㅋㅋㅋㅋ 그냥 아바의 명곡들을 감상한다는 것에 의의를 두어야함
268,진짜 최고다 2너무 기대된다!!!
269,아만다 사이프리드 왤케 예쁘죠?
270,노래랑 배경은 너무 좋은데 스토리가 너무 빈약하다. 왜이렇게 대작취급 받는지 모르겠다
271,"누가 애빈지 모르겠으면 유전자 검사를 하면 되지,,노래만 부르고 잇네"
272,our last summer 진짜 너무 좋아서 그때 cd로 듣고 그랬는뎅ㅋㅋㅋ 2 너무 기대된다
273,ㄱㄹ짓해서 애비가 누군지 몰라? 이게 어케 심의 통과 했지? 19금때려라 애들 보기 민망하다
274,언제봐도 벅찬 기분을 들게하는 영화
275,영화가 끝날때까지 신난다! 그래서 아빠는?
276,스토리와 음악의 완벽한 조화
277,아맘다 사이프리드 짱 정말 재밌어요
278,"10년만에 속편이 나오기에 다시 본 맘마미아..그저 신나고 눈이 즐거웠던 작품으로 기억됐었는데 세월이 흐른 지금은 어느샌가 눈물이 난다..이제는 엄마의, 자식의, 그 마음까지 느껴지는 나이가 되었나보다~그렇게 나의 최고의 뮤지컬 영화로 남는다."
279,보는 내내 행복한 영화다
280,파란 지중해와 음악. 눈과 귀가 즐거운 익숙한 뮤지컬 영화. 아~ 나도 지중해 가고 싶다.
281,음악부터 배경까지 완벽한 영화
282,아만다가 살렸다. 아바가 살렸다!
283,시간을 멈춰달라고 노래할때 진심 울뻔했어...ㅠ...감정이 딱 담겨있어서..
284,"열번을봐도 설레고 신나는영화. 맘마미아2를 기다리면서 이 기다림조차 설렌다. 8월 8일까지 내내 행복할거같은 나의 맘마미아, 정말 내인생 최고의영화"
285,아바의 노래가  좋은거지 영화는 그냥 볼만한 정도.
286,솔직히 노래말곤 그닥인데? 내용도 지루하고
287,Best movie ever!
288,유쾌하고 재밌네요~~ 아만다 사이프리드 분량이 생각보다 적네요.. 분량이 좀더 많았으면 어땠을까 생각해봅니다
289,ㅋㅋㅋ진짜 유쾌하네 흥부자
290,아바노래 듣다보니 2시간이 금방 갔네...
291,여름밤 행복한 사랑영화
292,학교에서 선생님이 보여주셔서 보게됬는데 너무 인상 깊었다 수행평가라 주의깊게본 덕분에 지금도 기억에 남는다 영화의 대사나 배경들이 다 보는것만으로도 힐링이 되고 배우들이 전부 노래를 잘 불러 재밋도 있고 감동도 받았던 영화이다
293,The winner takes it all도 좋지만 소피랑 아빠 셋이서 Our last summer 부른장면도 너무 아름다웠음 ㅠㅠ 스토리 전개는 조금 아쉽지만 영상 음악이 예술인 영화!
294,처음부터 끝까지 주옥같은 곡들로 꽉 채웠고 행복하고 신나는 감정을 느끼게 해준 영화.
295,충분히 즐겁고 신나고 끝날때까지 미소가 떠나지않는 좋은 영화~
296,벌써 10년 아직도 그 감동을 잊을 수 없다!!! 내인생 최고의 영화!!
297,노잼 너무 지루했고 볼 거라곤 영상미 뿐‥ 개연성도 없고‥ 억지 해피엔딩‥ 그리고 해리는 게이임jQuery224012935303227784534_1530654136727? 뜬금없이 게이?? 결말이 궁금해서 억지로 다 봤는데 허탈한 결말‥ 왜 유명한지 모르겠다
298,영화에 아바음악  최고 입니다 배경도 음악도  감사합니다
299,개연성은 약간 부족했으나 너무 유쾌하고 여름에 보면 힐링되고 시원한 영화! ABBA노래는 언제들어도 좋다ㅠㅠ
300,"학창시절 영어선생님이 수업시간에 틀어주셨던, 가슴시리도록 그리운 그 시절의 명작! 다시는 돌아갈수 없는, 추억으로만 남게될 줄도 몰랐던 시절의 생각하면 할수록 슬퍼지는 기억과 떠올리면 떠올릴수록 가슴아픈 영화. 재밌는 영화지만 왠지 눈물이 흐른다..."
301,엄마랑 같이 관람했는데 엄마가 너무좋아했다 영화가 너무 좋아서 영국에서 뮤지컬도 다 관람했다 푸른바다랑 노래 어느 하나 빠짐없이 완벽하다 2편 빨리 나왔으면
302,음악과 흥이 내내 몰아친다
303,최고.. 몇번을 봤지만 볼때마다 가슴이 뜨거워지는^^
304,노래가 정말 너무너무너무너무 좋다.
305,메릴스트립이 60세에 찍은 영화라니.. 나이들지마요 메릴 스트립.. ㅠㅠ사랑합니다. 메릴 스트립
306,아직도 볼때마다 감동이 밀려와욤
307,이 영화에는 안 좋은 음악이 없다
308,"정말 유쾌한 뮤지컬 영화..스토리도 좋고, 배우들의 연기랑 음악도 너무 좋다.배경도 멋있다"
309,오랜만에 다시 봤는데 감회가 새롭고 사랑 연애에 대해서 다시한번 생각해 보는 기회가 됬어요.^^
310,"진정한 사랑주의,자유주의적 영화. 인물들은 오직 이를 위해 달려간다. 나이? 상식? 그딴게 뭔가. 아빠는 한번에 세명이 생길 수 있고, 결혼을 갑자기 뒤엎을수도 있다. 누구나 자신의 인생에서만큼은 댄싱퀸이 될 수 있다. 이들처럼 자유로워지자."
311,"완벽한 영화는 아니었지만, 보는 내내 즐겁게 만드는 최고의 영화였다!"
312,인생영화입니다....
313,노래는 끝내주게 좋은데 진짜 아빠는 누구지? 빈약한 스토리
314,아바의 주옥 같은 노래들 들으니 너무 좋고  특히나 마음에 와닿는 가사들이 감동적이다
315,너무 재밌게 본 영화!!
316,1분1초가 지루하지않다 ~~
317,내 살아생전에 이 영화를 볼수있다는것은 정말 큰 행운이다
318,정말 긴말이 필요없다. 내 인생영화
319,메릴스트립이 딸을보며 노래할때 보다가 울었다 우리 엄마가 나한테 하는말 같아서
320,저런 멋진 남자 세명이 진짜로 있을까 하고 의심하게 되는걸 멋진 음악덕에 잊을수있었다
321,스토리 연출 모두 좋았다
322,보는 내내 그리고 보고 나서도 유쾌함 가득한 영화
323,귀호강눈호강했습니다ㅎㅎ이런영화너무죠음
324,얼마든지 잘만들수 있는영화를 간신히 만들어놓은 케이스..그저그렇다.
325,아그아그아마아나이니니
326,도나 남편 후보 3명.... 캐스팅 부터 너무 화려하다.. ㄷㄷㄷ
327,행복해 지고 싶다면 보세요 열정과 에너지가 넘쳤덩 유쾌한 영화
328,나오는 노래 하나하나가 다 좋아서 덕분에 보는 내내 지루하지 않고 즐겁게 볼 수 있었던 영화이다 내가 본 뮤지컬 영화중에 맘마미아가 최고다
329,내용부터 ost까지 완벽함
330,다시봐도 명작이지! 특히 밤에
331,너무나도 완벽했습니다. 보는 내내 감동이 사그라들지 않더군요 특히 아만다 사이프리드의 노래실력이 최고였던것 같습니다.그 누가 뭐나해도 이 영화는 저에게 인생작이고 최고의 영화입니다.
332,50번은 본듯. 말이 필요없다.인생영화
333,내가 가장 좋아하는 영화중 하나 보고 또봐도 재밌고 따뜻하다
334,조금 더 집중해서 봤었어야 했는데
335,다시봐도 너무 신나고 같이 춤추고 싶은 작품
336,내 인생영화  진짜 6번째로 돌려봤는데도 너무 좋다
337,계속봐도 좋은 내 인생영화
338,음악이랑 배우들은 정말 환상이었지만 스토리가 너무 아쉬웠다 ㅠ 스토리랑 개연성만 좀더 좋았으면 완벽했을영화
339,노래도 좋고 보면 기분좋아지는 영화
340,최고의 영화 모든 노래 하나하나가 다 너무 좋고 기분이 마냥 좋네요
341,아바의 위대함과 완벽한 연출 연기가 만들어낸 시대의 명작
342,나에겐 꿈이 있어요. 내년에 2편도 기대해 봅니다. 아만다 화이팅!!
343,"가창력에 연기력까지 겸비한 배우들의 향연에 몸둘바를 모르겠다. 영화의 중심소재가 맥을 잃고 영화의 결말이 다소 밋밋한 경향이 없지 않지만, 그럼에도 불구하고 영화가 끝날 때까지 영화 속 음악에 매료되어 정신없이 봤다."
344,노래도 좋고 영상도 좋고 배우들 연기도 좋고.. 세 번째 보는데 또 색다른 느낌이었어요.
345,메릴 스트립은 사랑입니다. ㅠㅠ
346,정말 저의 인생작임 정말 여름마다 봐도바도 질리지 않고 볼때마다 유럽으로 여행가고싶음 정말 강추하는 영화임
347,Thank you  for the music
348,노래만 좋으면 뭐해...스토리가 멍청한데
349,최고중에 최고입니다.
350,우울하고 힘들때 날 위로해주는 행복한 동화같은 영화.내가 제일 좋아하는 영화.
351,이 영화도 좀 있으면 10주년이군요
352,"뮤지컬영화의 클래식이 된 영화. 무슨 말이 필요한가, 필히 감상하길 바란다. 대박이 난 영화에는, 취향에 따른 호불호가 없이 인기를 끌수있는 이유가 있다."
353,"너무나 예쁘게 나온 아만다 사이프리드와 발랄한 메릴스트립, 그리고 ABBA의 노래들과 그리스의 풍경들로 너무 아름다웠다."
354,조아조아조아조아조아
355,노래와 잘어우러져 자꾸생각나는영화
356,내 인생 최고의 명작 중 명작
357,정말 재밌고 음악도 연기도 다 좋았다 평점 낮게주는 사람들 뭘봐야 재밌다고 할건데?
358,몇년째 계속 봐도 재밌응
359,"어릴 때 보고나서 아직까지도 좋아하는 영화입니다, 노래도 좋고 스토리도 좋아서 계속 여운이 남아있어요 :)"
360,"뮤지컬 내용 그대로 살려서 정말 배우들이 노래,춤,연기 다 잘했는데 평점이 생각보다 많이 낮네요. 뮤지컬 영화중에선 손에 꼽게 정말 잘만들었어요. 스토리가 이상하단분은 뮤지컬 내용을 모르고 말하는거죠??"
361,"스토리는 그저 그렇지만, 음악은 최고다."
362,아직까지 이 이상 잘 만든 뮤지컬 영화를 본 적이 없다.
363,몇번이고 다시 보고 싶은 영화♡
364,맘마미아    맘마미아 맘마
365,DVD 나오면 꼭 사고싶은 영화 1위
366,스토리는 뮤지컬원작답게 쌩뚱맞지만 그마저도 사랑스럽다. 처음부터 끝까지 행복한 영화. 몇번을 봤는지 셀수도 없고 봐도봐도 좋음ㅋㅋ방금 다보고 나서도 또 보고싶어짐..물론 거기엔 아바의노래가 한몫했다 세기의 명곡들로 이루어진 뮤지컬영화라니 완벽할수밖에
367,애비찾아삼만리..ㄹㅇ병맛영화
368,"오늘 처음 봤는데 개인적인 생각으로 살면서 한번쯤은 봐야할 영화인듯하다.. 노래도 정말 너무 즐겁고,감동적이고 배우들의 연기도 너무 재치있고 재밌었다10번은 더 보고싶은 영화이다 강추합니다"
369,20 번을 봤다. 더 할 말이 있겠느냐
370,최고의 뮤지컬 영화 라라랜드 최악이라 맘마미아로 정화하러옴
371,개쓰렉이영화 재밌게 본사람들 뭐니..
372,상당히 좋은 작품이다.
373,내 평생 유일하게 영화끝난후  사람들의 박수소리를 들었던 인생 최고의 영화
374,몇번을 다시봐도 흥미로운영화
375,저의 인생영화입니다!! 몇번을 다시 봐도 질리지 않는 영화는 처음이에요!!
376,즐겁고 유쾌하고 사랑스러운 영화 시간 내내 즐겁다.
377,이거 죽임..캬.ㅠㅠㅠ
378,이거 뮤지컬을 토대로 해서 만든거죠?? 이 영화가 원작인줄 알았어요 ㅎㅎ 뮤지컬도 짱 영화도 짱!!!
379,보고나면 행복해지는 영화. 아바의 명곡들이 자연스럽게 인도한다
380,평점이 높은데 이해가 안가네스토리-무리한 노래
381,마지막 워털루 부르는 장면에서 엄청 웃었다ㅎㅎ 마음이 따뜻해졌어요
382,최고 부모님의삶에대해 생각해보는 감동적인 영화ㅠ
383,제 생애 최고의 영화에요 메릴 스트립씨는 제가 좋아하는 영화에 전부 출연하셨네요
384,내 생의 최고의 영화. 몇번봐도 질리지않는다.
385,땡큐 포 더 뮤직! 땡큐 포 더 아바!
386,근데 마지막에 해리는 갑자기 그남자랑눈맞음?
387,"스토리는 뜬금 없으나, 그리스와 여주땜시 ㅋ 나쁘진 않았다"
388,여러모로 평화롭고 아름다우며 재밌는 영화
389,평점주기가 애매한데 우선 노래는 좋다.
390,밝은 햇살과 풍요로움이 떠올려지고 아만다의 젊음은 너무나도 아름답다.
391,그냥 유쾌하고 신나고 재미 빵빵 터지는  영화
392,"악마 편집장, 제임스 본드, 킹스맨, 코제트, 하워드 스타크, 에릭 셀빅 박사, 몰리 위즐리가 다같이 뮤지컬 영화에 나오는데 어떻게 안볼 수가 있겠어. 이 영화는 저 배우들 + 아바 노래들만으로도 만점이다."
393,"맘마미아는 역시, 최고네요. 개인적으로 맘마미아 캐릭터들 너무 좋았어요. 여러가지로! 또 너무 노래들이 다 좋네요. 배우들이 노래를 직접 했다니 멋지기도 하네요! 꼭 추천하고 싶어요!"
394,이건 영화가 아니고 전설..세기의 예술..
395,오늘 EBS에서 봤는데 노래도 좋고 아만다도 예쁘다. ABBA노래를 알긴 하지만 찾아서 들어본 적은 없었는데영화 안에서 들으니까 장면들이랑 정말 잘 어울리고이제 이 노래들을 들으면 영화의 장면들이 떠오를거같다.
396,ABBA의 신나고 아름다운 음악들로 정말 멋진 영화를 만들었다. 다시보니 여성감독이 만들어서인지 페미니즘적인 요소들이 많이 느껴지는 것 같다. Spontaneous.
397,대부분의 사람들이 the winner takes it all을 최고의 시퀀스로 뽑지만 난 slipping through my fingers가 최고였다 홀로 딸아이를 키워온 모성애를 이보다 아름답게 표현할 수 있을까...
398,"진짜 정말 좋아하는 영화중에 하나... 진짜 명작이고, 배우들의 연기는 끝내줬다...."
399,강추합니다.진짜 재밌어요
400,나이는 숫자에 불과하다는 말이 이런 영화를 보고 하는 말이 아닐까
401,내 인생영화♡ 볼때마다 너무 설레고 행복하다ㅎㅎ
402,"생각보다 그렇게 만족한 영화는 아니었음. 왜 평점이 높은지 이해가 안되는? 그냥 그리스 아름다운 풍경이랑 스토리 엉망에 개연성없는 뜸금포의 노래, 아만다 미모 등  이게 다인거같다."
403,좋은 노래와 좋은 배우와 좋은 경치가 만나다..
404,임성한의 막장과 아바가 만났다
405,황홀한 배경과 음악으로 가끔 힐링이 필요할때 찾아보는 영화.나도 저런배경의 그리스 산토리니에서 살고 싶다.
406,배우들은 잼겠다.근데 보는 사람인 저는 별로였다능
407,아만다가 부른 honey honey 이후로는 하강 곡선인거 같다 ㅠㅠ 세 남자 배우 케미스트리랑 아만다 커플은 좋은데 아줌마가  스스로 ㅄ짓 한거  괜히 남탓 하는거 같은 스토리는 전혀 공감이 안갔다 동네 여자애 결혼식 함께 즐기는 모습은 참 좋았다
408,"냉정하게 평가하면  노잼,  이런 뮤지컬 좋아하는 사람만 보게끔 그냥 뮤지컬로만 있었으면 하는 그런 느낌을 받음 뮤지컬로 있으면 확실히 걸러질테니"
409,기분 좋아지는.영화
410,수록곡 하나하나 다 좋다
411,웃길땐 웃기고 뭉클할때는 뭉클하고
412,눈과 귀를 단 한 순간도 쉬게 할 수 없었던 행복했던 영화
413,아바의 노래와 뮤지컬의 아름다움이 영화에서는 왜 엉망진창이 되었는지...
414,정말 재밌고 신나는 영화에요.
415,정말 인생영화. 안보신분들 꼭보세요
416,그냥 딱 싸구려인도뮤지컬영화 수준  음악만 다르고
417,이건 뭐... 말이 필요없는 영화아닌가?
418,댄싱퀸 노래부분은 나도 절로 흥이 나더라~!!
419,"노래가 너무 심하게 나올 곳, 안 나올 곳 안 가리고 빈번하게 나와 되려 시끄럽고 집중 안 됨. 이런 류의 영화는 별로라 그닥.. 풍경만 볼만 함"
420,★★★★명작★★★★
421,진짜 열번도 넘게 봤네요
422,보는 사람을 설레게 하고 행복하게 만드는 아름다운 뮤지컬 영화.
423,최악의 지루한 영화였다. 그렇게 재미없는 상황에도 웃어재낄 정도의 마음의 여유가 있는게 부러울 따름. 이렇게 역한 시나리오에도 참고 연기하는 배우들을 보며 역시 연기자는 출연료로 살아가는 사람들이라는걸 다시 한번 실감했다.
424,스토리가... 아만다랑 그리스풍경이 아름다운건 알겠음
425,"사실 스토리는 막장이지만, 아바의 주옥같은 명곡들과 지중해의 아름다운 경치, 그리고 너무도 어여쁜 아만다 사이프리드가 좋았다."
426,"영상, 배우, 음악, 스토리가 맛있게 버무려졌다."
427,노래도 스토리도 배우까지 정말 완벽한 영화네요
428,최고의 영화 best of best
429,친구2같은 백편 삼류저질 쓰레기 필름보다는 맘마미아 한편보시길 바랍니다. 친구같은건 영화가아닙니다. 차라리 일본야동포르노 보시는게 정신건강에 훨씬 좋습니다.
430,나에게 깊은 감명을 준 영화!댓글은 별로 않달지만 이 영화이기에 평점을 주고 댓글도 단다.
431,이렇게 아름답게 막장일 수가 있는가 !
432,"눈과 귀, 마음모두 힐링되는 영화, 영화속 등장하는 ost 하나하나 명곡이다..  아만다사이프리드 역시 그녀는 눈부시게 아름다웠다."
433,그냥 최고. 그냥 모든 넘버들이 다 좋다.
434,아주 영화노래도 재밌고 영화도 재밌다 내인생의 최고의 영화이다 사운드 오브 뮤직보다 훨씬 재밌는 영화다 보시면 아주 재미있는 영화입니다 맘마미아 강추합니다. 내가 2번본영화이다 이영화도 죽기전에꼭 봐야할영화중 하나입니다. 이영화 볼때 감동적이었습니다.
435,"봐도봐도 벅찬느낌의 영화, 아만다 너무 사랑스러워요 ㅠㅠ"
436,아만다사이프리드를 비로한 다른 연기자들도 연기를잘하고 무엇보다 노래를 잘했다
437,매우 흐뭇하고 유쾌한 영화.
438,미치도록 소름끼치는 전율의순간이 반복이였다 어느 뮤직컬영화가 맘마 미아를 뛰어넘을수가 있을낀
439,언제봤았었는데 재밌었어요~~^^
440,사랑할수밖에 없는 영화
441,보는내내 입가의 미소가 지워지지않았다 .
442,Winner takes it all.. It was a song for loser...
443,지금 고1이니까 이 영화를 첨 봤을 때가 9살이였네요.  이 영활 9살때 세번 본 기억이 있네요. 9살이 이 영화 주인공들의 삶을 알기나 했을까요 ㅋㅋ 그저 신나는 노래와 아름다운 배경이 좋아서 봤겠지요. 그 부분만으로도 10점인 영화 아닐까 싶네요
444,노래도 좋고 무엇보다 아만다가 너무 이쁨 ㅜㅜ 아직도 보는 영화
445,"되게 황당할 수 있는 스토리인데 재밌다. 아름다운 영상과 신나는 노래, 배우들의 연기가 특히 매력적이다."
446,제 인생 최고의 영화입니다.
447,"도나와 소피 각각의 이야기도 너무 좋고, 인생을 남들의 눈치를 보지 않고 젊게 살아가는 배경이 부러운 영화."
448,뮤지컬 장르를 즐겨보진않지만 나쁘지않았다.
449,애미 없냐;;란 이런 말이 제목이라니
450,말이 필요 없는 아바의 노래들
451,이렇게 유쾌한 영화를 왜 지금에서야 봤을까
452,2008년 개봉한 영화군요. 아... 이거 보고 막 울었는뎅. 지금은 괜찮네요.
453,눈과 귀가 즐거워지는 ABBA의 노래!
454,언제봐도 명작 명작 !!
455,최고의영화 다른말이필요없습니다
456,그리스 보다도 못한 시대착오적 연출이 내내 눈에 거슬리긴 하지만 그래도 봐줄만하다
457,우리나라여성만큼 개방적으로 사는 여자들이 어딨다고 ㅋㅋㅋㅋ
458,그리스의 풍광과 캐릭터들의 발랄함 위에 감도는 아바의 세레나데
459,최고의 영화수십번을봐도 질리지않아모든재우가 다 생각 날 정도로 좋다
460,"브로드웨이 뮤지컬 뉴욕 공연 이번이 마지막공연이라는데 아쉽네, 정말 최고의 영화"
461,기자나 평론가들의 평점을 보고 보지않은 영화가 많은데.... 엄청난 영화를 봣던거 같아요. 댄신퀸 노래들을때 나만 그런지 모르겠지만 분명 신나는 노래인데 슬픔이 묻어나오는 느낌이 들었어요. 정말 소름 돋게 재밌는 영화를 봤습니다.
462,아만다 너무 이쁨!!!
463,진정 말이 필요하나요??  무조건 강추합니다. 정말 완벽한 영화입니다.
464,스토리부터 노래까지 재밋다.
465,"땡큐 포 더 뮤직,  음악 하나로 모든것이 완성 된 듯 하다"
466,영화보다 잔 건 맘마미아가 처음임. 정말 재미없음.
467,아만다 사이프리드의 매력과 아바 노래의 매력 둘 모두 함께 깨닫게 만들어주고 즐기게 만들어준 영화. 그냥 어디서 들어본 노래들이 아바의 노래라는것에 놀랬음.
468,그리스 풍경을한 한국드라마
469,"기분이 다운될 때 보거나,, 음악을 듣는다면!! 힘이나는 작품!!"
470,역시 맘마미아는 영화도 뮤지컬고 명작이고 노래에도 명곡들 천지이지만 댄싱퀸만한게 없지!
471,노래하나하나가모두명곡이에요 짱
472,"10번은 더 본 영화. 방금 또 보고 왔어요ㅎㅎ 볼때마다 설렘과 감동, 웃음을 주는 영화!"
473,재밌다 노래도다좋고 연기도다잘함
474,뮤지컬로선 최고! 영화로선 글쎄?
475,아름다운 풍경 좋은노래 훌륭한영화
476,오늘 처음봤는데5번째보고있다 보면 행복해지는 영화
477,노래가 너무 아름다웠어요~진짜 영화 잘봤습니다!!
478,보는 순간마다 내내 '멋지다'라는 생각이들었다
479,아바의 명곡들을 스크린에서 들을 수 있고 아만다라는 신인 배우와 관록의 메릴 스트립의 노래 실력을 들을 수 있어 너무 좋았던 영화..
480,"최고의 노래, 희극적인 분위기, 매력있는 배우들!! 이 영화를 볼때면 기분이 좋아진다. 내가 가장 좋아하는 영화!"
481,보는 내내 지루하지않고 재밌다.
482,이거 보고 아바를 알게되고 팬이 됨
483,스토리가 해도해도 너무햇다....ㅋ
484,내게 뮤지컬영화가 이렇게 재밌다는걸 알려준 영화ㅜㅜ
485,넘 좋다... 마음을 행복하게 하는것 같음..
486,진짜 내용 쓰레기 에효 돈주고보면 아까움
487,Dancing queen 노래 듣다가 왜 울컥하지..ㅜ
488,영화에 나오는 음악들이 너무나 듣기 좋습니다... 뮤지컬을 좋아하지않아도 음악 자체가 넘 좋아서 끝까지 재밌게 볼 수 있었네요..
489,나는 이영화가 무엇보다 좋은것이 영화에 출연했는 배우 모두가 하나도 빠짐없이 직접 노래하고 춤춘것이다. 다시 한번 보고 싶고 이 영화에 나온 모든 노래가 좋다!!
490,"연기,줄거리가 아바의 노래로 다 연결되는 정말 최고 뮤지컬"
491,"난  왜 재미가 없을까.... 보는내내 집중도 잘 안되고,,, 나중에 시간이 나면 다시 한 번 차분히 감상해봐야 겠다 ...."
492,노래 다 좋고 지루 하지도 않네
493,나이가 나이라 아바노래를 찾아듣지는 않았는데 이 영화보고 찾아듣게 됨. 전체적으로 스토리는 매끄럽지 않으나 (뮤지컬 영화의 단점이죠) 하지만 아바노래가 자연스럽게 흡수되니 너무 ~ 좋네요
494,이 영화를 통해 메릴 스트립이라는 멋진 배우를 알게 되었다.
495,최고의  영화  몇번이고  볼수있는
496,완전좋았음 스토리도좋고 배경도좋고 노래도좋음 아만다왐전이쁨♥
497,뮤지컬 영화의 대명사 맘마 미아!
498,오래된거지만 다시봐도 좋은 영화네요
499,남녀노소 모두를 위한 영화인듯.. 노래를 몰라도 눈과 귀만있다면 즐길수있다
500,귀가 이득을 봅니다확실히 노래가 정말 좋네여///
501,너무좋아요!!!저는이거보고얼마나감동에벅차는지..인생에기쁨이되어갑니다
502,상쾌한영화우아!!!
503,조금지루하긴하지만그럴때마다노래가나와흥미롭게해준다
504,very  good 정말 좋네요
505,정말 단 한순간도 눈과귀를 집중하지 않을 수 없었다
506,말이 필요 없는 영화 b  아만다 너무 이쁘다 *_*
507,진짜 최고임 배우도 음악도 스토리도
508,와 한장면도 놓치기 아깝다 너무 예쁜 영화
509,아바의 노래와 아름다운 풍광 모든게 잘 어우러져서 두시간 내내 행복했던 기억이 난다.
510,내 고등학교 3년 시절을 기억하게 해주는 고마운 영화. 아 따스하다 따사롭다 참 따사로운 영화다♥
511,『러브 액츄얼리』과 더불어 세월이 지나면 지날 수록 전설은 아니고 레전드 급으로 남게 될  名作 로맨틱 코메디
512,아바의 명곡과 다시 만나는 뮤지컬.
513,여기나오는 노래도좋고..스토리도너무좋아요
514,긴 말 필요 없음 갸 최고!ㅋㅋ
515,Dancing queen을알게해준영화
516,노래도 좋고 영화 배경도 진짜 아름답고~~아바노래를 알게해준 고마운 영화에요
517,검증된 이야기와 음악과 배우를 데리고 검정칠을.
518,최고의 영화ㅋ왕 추천ㅋㅋ
519,할 말이 없다.그냥 좋다.
520,멋진 풍경과 멜로디에 기분 좋았던 영화
521,짱짱맨 요 맘마미아 헤이
522,역대 최악으로 문란한 영화
523,기분좋아지는영화 ^^
524,확실히 밝은 분위기라서 기분 좋아지고 배경이 되는 섬이 너무 아름다워서 기분이 좋아지긴 하는데 스토리는 영 ㅋㅋㅋㅋ 샘 약혼녀랑 애들은 무슨 죄야 ㅋㅋㅋ 뮤지컬 안좋아하는데 괜찮네요 그래도
525,역시 맘마미아 역시 아바
526,뮤지컬 영화로써의 제몫은 한다.
527,"너무나 유쾌하고, 날 행복하게 만드는 영화."
528,개인적으로 뮤지컬 영화를 좋아하지 않지만 워낙 유명해서 봤음. 그냥 OST만 기억에 남는 영화였음.
529,지금까지 본 영화중에서 이 영화가 제일 좋아 진짜bbbb 노래도 너무좋고 주인공도 이쁘고 무엇보다 배경도 좋고 뭣하나 빠지는것이 없는 작품!!
530,아만다 나오니 함 봐야지 ㅎ
531,정말  재미있는 영화!!! 노래도 너무 좋구ㅎ
532,신나고 유쾌한영화! 맘마미아!
533,최고의 뮤지컬 영화!!!
534,아름다운 영화배경!우정과 사랑모두 담긴유쾌하고도 따뜻한 영화
535,30번도 넘게본 영화!
536,이 영화를 왜 이제봤을고
537,흥미로운 뮤지컬 영화. 아만다는 플러스 알파
538,분위기 좋고 배경 좋고 연기도 좋음
539,이 영화로 처음 아만다 사이프리드를 알게되었습니다ㅠㅠ 너무 예븜.. 내용도 발랄하니 좋고 우리나라도 저렇게 자유로우면 좋겟다는 생각 여러번했습니다. 보는내내 지루할 틈없이 노래도 다 듣기좋고.. 문득문득 생각나고 보고싶어지는 영화입니다 ㅎㅎ
540,즐겁고 재미있다. 지루하지 않다.
541,우왕 ㅋ 내가 찾고 찾았던 영화다... 나이가 들면서 뮤지컬 영화가 더 좋아지는건 나뿐일까? ㅋㅋ
542,진짜몇년전에본건데아직도기억납니다!꼭보세요
543,즐거움을 주는 음악과 영화
544,최고입니다  꼭보세요..
545,좋아료~! 요요dddd
546,맘마미아 정말 명불허전이네요...노래도 재미있고 배우들의 가창력까지 정말 대단한 영화예요~한번 보는 게 좋을 것 같아요...근데 좀 노골적인 장면들이...ㅡ..ㅡ
547,좋은 영화~~~후후후
548,한마디로 정말 초고의 영화!노래가 즐거워서 몇번씩 반복해서 보다가 머릿속에 툭하면 노래가 흘러나옴!완전 중독성이 강한 영화^^
549,그리스 홍보영상아만다사이프리드의 발견끝
550,영화자체는 그냥 그렇다고 치자..근데 내용이 1년내외 사이에 3명의 남자이상과 잠자리를 한 년에 그딸년은 애비는 누군지도 몰라서 그 구멍친구들을 모아놓고 결혼식을 하고 있는 꼬라지가 참 너무 현실적이라 기가 막힌다.이런 스토리가 양놈들에게 대히트가 쳤
551,"Dancing Queen, feel the beat from the tambourine"
552,메릴스트립의 천부적인 연기력과 관능미가 느껴지는...그림같은 이탈리아의 섬을 배경으로한 아름다운 영화
553,노래들이 좋았고 그냥 명작이다
554,허니잼영화. 뮤지컬영화 별로 안좋아하는데 재미있게봄
555,"어깨가 들썩들썩, ABBA의 명곡으로 즐거워진다"
556,뮤지컬영화 너무좋아ㅠㅠ 메릴스트립이랑 아만다 노래 너무잘해!
557,"도나가 프로포즈 받는 장면에서 I do x5 부르는 중년의 남성이 너무 멋있었다! 목소리도 좋고,  그리스의 푸른 바다와 배경을 볼 수 있는 좋은 영화다."
558,감동적이고 너무 재밋는 영화♭♭
559,뮤지컬 영화인데 그다지 재밌진 않았음..
560,dddd bbbb 아이 져아
561,별 10개도 부족한 영화 최고의 뮤지컬 영화
562,내 생애 최고의 영화!!!
563,사회쌤이 보여줬는데 졸라꿀잼
564,thank you for the music !
565,노래나올때마다 정말 소름돋고 정말 신났습니다. 정말 기분을 좋게만드는영화
566,아바 음악 활용 사전?....
567,아만다 사이프리드는 진짜이쁘다
568,영화 진짜신선하구 나쁜사람하나없는 착한영화ㅋㅋ진짜 계속봐도 재미있다
569,중1 음악감상반에서 처음 봤는데 정말 사랑스럽고 정말 재밋었음
570,내가 정말 좋아하는 영화♥보는 내내 배우들 연기 very good♥
571,노래빼고 다 지루하다.
572,그냥 최고네요.지금봐도 참 잘만든 영화
573,아만다사이프리드 광팬이라 1점더준다;; 너무 심하게막장이다
574,평점 진짜 적게주는 기자님들도 이건7점대 얼마나 재밋는지 아시겟죠?
575,순수한 감성과 순수한 사랑을 지닌 작품. 기분 좋게 생각난다.
576,"영화의완성도와 상관없는,최고의 뮤지컬.영화속에 나오는,주옥같은 아바의음악을 듣는것만으로도,본전뽑은 기분이었다.메릴의 솔로파트ㅇㅇㅇㅇ는 정말...이건,대박이었음...한평생 안 잊혀질 장면중 하나.아만다세이프리도도 예뻤고,피어스 브로스난도 무난한 편..."
577,아바 매릴스트립 아만다사이프리드
578,전 이거 몇번 봐도 좋아서 추천요!
579,주옥같은 아바의 노래들을 실컷 들으며 들뜬 마음으로 봤던 영화~영화속 그리스에서의 삶이 너무 간절해졌었던..영화를보는동안 나두 저안에 들어가 같이노래하고 춤추고 즐겼던ㅎㅎ아만다사이프리드너무이뿌구 메릴스트립 정말대박!
580,정말 재밌어요 ㅎㅎ 그리도 아만다 너무 이쁜~~
581,내가 지금까지 가장 많이 본 영화.봐도봐도 질리질 않아ㅠㅠㅠ
582,최고의 영화중에 하나 ABBA의 음악이 어우러진 걸작
583,분명히 즐겁고 힐링되는 영화임에는 틀림없지만스토리가 부족
584,허영심 가득하고 발정난 여자들의 이야기 그리고 도나와 친구들은 아주아주 꼴불견이다 어찌나 보기 싫던지 기대하고 봤는데 정말 실망이다 그냥 이 영화는 발정난 여성들의 판타지 영화
585,"어렸을때 내용은 미처 이해를 다 못했으나 영화음악으로도 충분히 감동적이게 본 영화였어요~ㅎㅎ 제가 작년에 미국여행에서 뮤지컬로 봤었는데, 영화도 뮤지컬도 둘다 너무 좋았어요~"
586,재밋어요
587,소박하지만 아쉽다
588,생각보다 연출이 웅장하거나 한 건 아니였으나 소박하고 섬 풍경을 활용해 뮤지컬 무대를 보여준다는 점이 좋았음.신나는 곡들에 아만다가 정말정말 사랑스럽고 내용도 위트도 있어 많이 웃으면서 봄.내용과 잘 맞는 포스터와 결혼 대신 여행이라는 엔딩도 좋았음~
589,보는 내내 지루하지 않은영화
590,Ost가 다좋고신나고 그냥 뮤지컬보는기분 재밌었다
591,"ABBA의 명곡들을 적절히 잘 활용했다. 유머도 적절히 섞였고, 스토리도 괜찮다고 본다. 재밌다!"
592,보고있으면 기분좋아지는 영화! 노래도 다 좋다
593,좋은음악들!
594,"the winner takes it all 불렀을 때, 미친 소름 b"
595,아만다 사이프리드 참 예뻤다 ^^
596,"ABBA는 위대하고  거의 60세였을  메릴스트립은 존경스럽다. 직접 방문했던  그리스는 영화처럼 소박하게 서로 어울려서 사람답게 사는 곳이 아닌,  이기적이고 부패된 곳이다. 원작뮤지컬+ 실제 풍경 삽입 이외에도 영화적 특성을 좀 더 부가했더라면.."
597,너무 좋은 뮤지컬 영화.실력과 외모 모두를 갖춘 배우들...아만다 최고
598,내가 제일 좋아하는영화
599,I can still recall~ Our last summer~
600,이렇게 살고싶다. 행복하다!
601,지금봐도 흥겹네..힐링이란 이런거 아닐까..질질 짜는 힐링은 out !
602,"보통 뮤지컬처럼 먼저 쓰여진 스토리에 맞춰 노래가 만들어진 게 아니라, 아바의 명곡들에 맞춰 스토리를 만들었다는 게 정말 대단하다. 노래와 스토리가 너무 잘 맞는다. 영상, 연기, 스토리 어느 것 하나 빠지지 않는 유쾌하면서도 감동적인 작품."
603,정말 내인생 최고의 영화!말이 필요없는 영화~이렇게 살고싶다!
604,막장이라도 즐거워서 좋은 영화 ㅎㅎㅎ
605,와막장이다
606,행복하고 즐거운 영화^^
607,보고있으면 행복한 기분이 들어요
608,노래는 굳 스토리는 막장
609,정말 행복했을때 봤던 영화.. 같이보던 그사람이 생각나네요 ㅋㅋ.... 행복하게 해주는 영화
610,캬.. 뭔가 은은하네ost도 좋고
611,뮤지컬 영화중 세손가락에 꼽힌다(내기준)
612,최고
613,스토리는 그닥 재밌진 않고 노래가 좋을뿐
614,최고!!  최고!!  최고!!
615,가장 인상깊었던 장면.  주인공이 노래를 부르고 춤을 추고 행진을 시작한다.  마을사람들이 하던일을 던진다.  같이 따라나선다. 딸은 아빠없이 자랐다. 하지만 세명의 아빠가 동시에 생긴다. 그거 참!
616,좋은 노래랑 그만큼 좋은 풍경이 보기 편했다.
617,신나는 아바의 선율을 담은 아름다운 로맨스
618,나에게음악의즐거움을느끼게해주었고 자연의 아름다움과 삶의즐거움을 잘느끼게해주는영화인것같다.
619,예쁘고 즐겁고 재밌다
620,"끝 부분이 아쉽긴 하지만 , 그래도 굉장히 기분 좋아지는 영화"
621,특별할 건 없다. 그저 아름다운 풍광과 아바의 음악이 좋을 뿐.
622,7번쨰보는데 다시봐도잼다
623,으리가 있다!!!
624,"2008년 개봉 당시에도 재미있어서 여러번 돌려보았던 기억이 있다.아만다 사이프리드라는 사람을 처음 접했던 영화이기도 하고. 아바의 노래를 처음으로 접했던 영화. 배경, 스토리와 노래가 어울려 정말 신났던 영화.그런데 끝이 약간 아쉽다."
625,노래도 좋고 배경도 너무 아름답다. 아만다스럽다!  메릴스트립도 정말 색다른 발랄한모습 좋다
626,뮤지컬영화계의  전설
627,좀 커서보니깐 이제야 재밌어요
628,시작부터 끝까지 재미있어요 배경도 너무 예쁘고...
629,"2프로 아쉬운 연출, 캐스팅, 노래. 지중해의 상쾌한 분위기 만은 최고!"
630,이제서야 봤는대 잼나네요
631,뭐라고 해야할지...이렇게 만감이 교차하는 영화는 영화는 처음이다...
632,최고입니다
633,노래와 줄거리가 너무 잘어울리는 영화였다. 노래도 흥겹고 연출도 상당히 좋았다
634,ㅇㅇ
635,"아만다 사이프리드의 발견과 메릴 스트립의 연기력 그리고 아바의 명곡, 여러모로 매력이 넘친다"
636,아만다 때문에 영화를 봤지만 정말 재미있고 잘 만들었다는 생각이 느껴지는 영화
637,이 영화 덕분에 아만다 사이프리드를 알게 되었네요. 이걸 왜 이제 봤을까요...최고의 뮤지컬 영화이자 사랑스러운 영화에요. 전체적인 스토리는 무난하지만 메릴 스트립의 연기가 돋보였고 배경이 너무 예뻤어요. 그리고 주옥같은 OST 덕분에 만족한답니다.
638,^^ 노래들잉 넘흐 죠아횽
639,너무 재밌어요10번넘게 봤어요
640,잼께본
641,음악과연출은 좋앗지만 그닥...레미제라블보고 보니 실망
642,난 어렸을 때  이영화를 극장에서 보았는데 3학년 정도 때 봤다 아무리 어린 나였지만 나에게는 너무나도 큰 감동을 준 영화다 나의 첫번째 감동을 얻은 영화다.
643,레미제라블을 보고 맘마미아가 얼마나 재밌고 잘 만든 영화 인지 다시 한번 느꼈다
644,별로ㅠㅠㅠㅠㅠㅠㅠㅠㅠㅠㅠㅠㅠㅠㅠ
645,ㅎㅎ
646,최고 !! 정말 신난다 꼭 보길 권장한다.
647,맘마미아!!!!
648,짱짱
649,완벽한 영화다
650,"아름답고 아름답다. 배우들과 풍경, 신나는 아바의 노래들."
651,영상미에 노래까지.... 최고!!!
652,머라고 설명 해야 할지 모르겠을 만큼 정말 최고의 영화다.
653,.
654,또봐도 재밌는 영화~ 이게 바로 음악의 힘이 아닐까~
655,유쾌하고 정말 재밌는 영화다. 중간중간 아바의 명곡들을 끊임없이 감상할 수 있어서 더할 나위없이 좋았다. 강추
656,"만점을 주어도 아깝지 않은 영화 맘마미아!전혀 따분하지 않은 한편의 뮤지컬을 보는 것 같았다.""맘마미아를 보지 않는 것은 파리에 가서 에펠탑을 보지 않는 것과 같다""라는 찬사가 이해가 간다.정말 최고였다.100번을 봐도 질리지 않을 영화!"
657,가볍고 저렴하고 짧게 즐길수 있는 뮤지컬 영화.
658,아만다 노래 겁나 잘불러 ㄷㄷㄷㄷ
659,"맘마미아는 정말 재밌고,습니다 노래가 추가되어서 더욱 신이 났습니다. 배우들도 독특해서 흥겨웠던 시간을 가졌습니다.감사합니다."
660,역시 아바노래... 노래에 짜맞추는 급박한 전개가 있지만 그래도 굳
661,가볍게 즐기려고 봤으나 가벼운 흥마저 나질 않음 연출력 부족!
662,봐도봐도 재밌다 ㅎㅎ
663,굳
664,처음으로본 뮤지컬삘나는 영화였는데 볼만했다 결말이 좀황당크리
665,정말 좋다 ㅠㅠ
666,맘마미아!
667,영화는 영화자체로 평가해야지 뭘 빼고보면 어떨까라는건 왜 그러는거야 수준인증하나 반지의제왕에서 오크빼고 간달프빼고가볼까? 다크나이트에서 조커빼면?
668,메릴 스트립의 연기는 경이롭다. 뮤지컬 영화에서 조차. 출연하지도 않은 Abba가 최고의 MVP!
669,유명한 맘마미아 내용모르거나 처음보는사람들. 추천 ㅇㅇ 뮤지컬영화 노래부르는 영화 싫어하는사람은 절대적으로 비추 아예보질마셈 ㅇㅇ 유명한 OST들을수 있고 난 내용도 재밌었고 영화배경도 예쁘게봤음 ㅇㅇ
670,소재가 독특하고 나온 노래들이 좋았다. 하지만 그 외는 글쎄 .
671,good
672,유쾌하다 그리고 배경이 아름답다
673,"만약 평점 놓게 준 분들에게 묻고 싶네요,, 노래만 쏙 빠졌다면 어땟을지,"
674,전혀 공감이 안감...
675,쩌러
676,뭐 취향의 차이지만 극장에서 80%의 환호하는 여자들..20%의 무표정의 남자들이 생각난다. 굳이 보겠다면 안말리겠지만 대다수의 남자들 이런거 좋아하진않을듯..
677,노래도 좋고 대단한 영화
678,다시 봐도 또 봐도 좋고 ost는 진짜 완소앨범
679,나의 최고의영화
680,재밌어요ㅎㅎ
681,ABBA~~!!!
682,말이 필요있나~~
683,굿굿굿굿ㅋㅋㅋㅋㅋ
684,정말 재미있게 감상했어요다섯번 볼정도로 맘에 쏙 들고 제일 처음으로 기억나는 영화예요맘껏 추천합니다^^
685,짱 재밋음!!
686,솔직히 뮤지컬영화 관심없었는데 아만다때문에 봤는데.. 명곡이랑 배경도 너무 예쁘고ㅎㅎ 재밌겠봤네요~ 레미제라블도 보러가야겠네용ㅎㅎ
687,다 좋은데 메릴 스트립은 볼 때마다 부담스럽다
688,아만다와 아바의 화려한 앙상블이 기억에 남는 영화.
689,영화 치고는 노래가 아주 좋았다. 언제나 듣고 싶다.
690,여자는 영원한 소녀이다.
691,정말 어린 나의 가슴을 울리게 한 영화! 배우들의 연기는 진짜 일품이였고 노래도 너무너무 좋았다.영화보고 몇달동안 OST만 계속듣고 열번정도 보게한 최고의 영화!!
692,기분은 좋아진다.
693,대박이라는말밖엔ㅎㅎ
694,뮤지컬을 안좋아해서리...걍 일반영화였으면 좋았겠구만~
695,언제봐도 기분좋아지는 영화. 하지만 뮤지컬이 조금은 더 나은.ㅎ
696,리뷰 볼시간에 이 영화 한번 더보는게 낫다.  강추
697,어맨더 사이프리드가 출연한다는 것만으로도 감상할 가치는 충분합니다. 아바의 주옥같은 명곡들을 들을 수 있는 최고의 작품.
698,내삶에서 가장 멋있고 신났던 영화
699,좋다
700,그리스 아름다운 풍경과 아름다운 음악 너무 아름다운 조화에요 ^^ 내용도 좋고 마음의 안식이 된 느낌이에요 ^^
701,정말모든게감동이야
702,모든게감동이야
703,우리나라였다면 막장도 이런막장이 없을듯주인공은 엄마 원망하며 울고불고했겠지?음악은 백점 !!!
704,보면 기분이 좋아지고 유쾌한 영호ㅏ명작이다! 맘마미아 ost도 너무좋고 배우들도 너무좋아요맘마미아!! 짱짱
705,멋진 배경에  멋진 노래들  정화되는  영화
706,말이필요음슴
707,최고
708,산토리니 역쉬 멋진 배경에 배우들의 매력적인 노래솜씨최고 였습니다.
709,그리스의 이 작은섬에서의 행복한 이야기~ 한번쯤은 꼭 가서 직접 느껴보고싶다라는 생각까지 하게 만들어주는 영화인것 같아요~아바라는 그룹 중학생인 저는 잘 모르지만 이 영화를 통해 좋은 신나는 노래들도 알게되어 참 좋습니다~
710,유치하다 생각되는 장면들을 보고잇다가 환상적인 노래와 율동 그리고 배우들의 연기에 나도몰래 같이 춤을추며 장단을 마추고잇는 내자신
711,솔직히 아쉬운 부분들이 없지않아 있다.  하지만 음악이 모든것을 막아주는듯......감동적이다!!
712,즐겁고 행복한 영화. 힐링무비
713,잘만들었네요~
714,짱 재미있어요. 감동적인 부분도 있고...
715,어느새 나도 스코펠로스 섬에서 열리는 결혼식에 초대받은 손님이 된 기분?노래 장단에 맞춰 들썩들썩!!
716,최고
717,삶에 유쾌함을 더하는 음악
718,짱이에요기억에 오래남아서또보고싶네요
719,몇번을 봐도 질리지가 않는다. 최고다!
720,노래도 괜찮았고 빵 터져서 쓰러질 것 같았다. 근데 뭔가 조금 아쉽다.
721,눈과 귀를 모두 만족시켜주는 영화
722,최고의 영화라고생각합니다보는내내 즐거웠고 노래도너무좋았습니다이런 영화가 많이~나왔으면좋겟다^^최고의영화
723,최고!!!!!!!
724,이런게 영화지.. 신선한 의미의 팝송 들으니까 정말 기분좋다.. 이거 영화관 3번가서봤던 기억이 나고 지금 시디와 디비디 다있다.. 이런 참신한 주제의 영화 너무좋고 한국과 차이나는 이런 신선한 노래들 찌든가슴 펴주는거 같다.
725,"진짜 1점준애들 뭐냐,, 솔직히 기본 6점은 나오는듯? 난 이영화가 딱 내 취향이어서 9점 ㅎㅎ 잼있어요"
726,절로 웃음이 나온다
727,아만다사이프리드 최고 진짜ㅜ
728,신난다. 신나! 종합예술이 여기있구나.
729,왜이런거 지금봣지ㅜㅜ아 조흐당
730,재밌어요
731,밝은 아름다운 사랑스러운 따뜻한 설레는 빛나는 영화 한 편을 보았다. 그리고 문화와 음악의 위대함을 깨달았다. 아바의 노래들 정말 멋있었다. 반드시 보시기를. 그리고 아름다운 아만다 사이프리드
732,동화는 동화일 뿐. 배우들이 부른 아바의 노래도 영화와 아주 잘 어울렸다.
733,뮤지컬과는 다른맛... 영화도 나름 괜찮았다는...주인공귀엽다..
734,메릴스트립의 절규는 나를 울렸다.
735,음악을위해 영상을 맞추건지 영화을 위해 음악 맞추건지 햇갈릴 정도 자연스럽다. 잘 모르는 노래도 거부감이 없다. 멋진 영화
736,삶이 즐거워지는 귀여운 영화
737,개성있는 뮤지컬 영화. 노래가 인상깊었다는.
738,흥겨운 뮤지컬 영화.. 실제 공연장에서 보는게 더 재미있을듯
739,노래가 좀 하자이긴한데 볼만한 영화이고 여주도 이쁘다
740,"스토리는 그냥저냥 볼만한듯 한데,   친숙한 노래는 많이 나와 좋았지만,너무 노래들을 못하는듯 하네요."
741,"최고의 영화다! 내스타일이라 그런진 모르겠지만, 이렇게 재밌고 신나고 아름다운 영화를 어찌 최고라 안할 수 있을까. 물론 뮤지컬도 짱!"
742,기분전환하기좋다
743,마지막 결말에서 좀 어처구니 없는상황이었지만 노래는 정말 굿!!! 아만다사이프리드는 역시 이쁘공ㅎㅎ
744,"배우들 직접 노래하고 춤추는 연기 좋았다. 아바의 노래가사와 맞아떨어지는 장년층의 감성도 아름답게 그린 것이 감동적이고..무엇보다도, 이렇게 개방적으로 한국에서도 여성이 살 수 있다면 얼마나 좋을까, 하고 환희와 한숨이 차례로 나오게 만든 영화였다.."
745,필리다 로이드 감독의 연출력에서 아쉬움이 남지만 그저 아바의 음악만으로도 이 영화의 가치는 충분하다!
746,재미있게 잘봤어요
747,ABBA의 명곡들과 명배우들이 나오지만.. 기억에 남는건 노래뿐
748,엄청 좋아요! 이거 보고 또보고 싶어져요!
749,보고 나서 저절로 박수가 쳐졌어요~~이렇게 좋은 영화는 처음인것 같네요 강추입니다!
750,대박!노래도좋고ㅠㅠ너무재밋습니다ㅠㅠ
751,최고다 특히아만다사이프리드 노래도최고
752,재미없다..도중 자버렷다
753,소피가 이뻐서 1점
754,아 모처럼 쓰레기 영화봣다
755,행복하게 본 영화^^ 뮤지컬도 꼭 보고싶어요
756,108분이 흐르고 유쾌해지는 영화!!
757,그리스 배경이 정말 시원하고 상큼함. 스토리 생각하지말고 노래에 중점을 둬야할 듯
758,아름다운 영화. 따뜻한 영화
759,"원더풀.. 댄싱퀸, 워터루~"
760,영화와 음악이 함께 어우러진 최고의영화!!!
761,배경과 아바음악이없었다면 허수아비가 될뻔한 영화하지만 그 두부분을 너무 잘살렸다
762,봐도봐도 보고싶고 봐도봐도 계속 또 보고싶은 영화!!!!
763,아바 음악이 정말 좋지해도 살짝 지루한면은있었음
764,배우들의 명품연기와 좋은노래가 합쳐져 좋은영화를 만들었네요
765,저는 스토리까지 좋았어요
766,짱
767,몇번을 봐도 재미있는 영화 다만 스토리가 대충 물흐르듯 넘어가는장면이 좀 흠..
768,본지 꽤 됫지만 그닥 재밌게 안봤는데 엄마가 몇 안되게 좋아하는 영화중 하나 아만다는 진짜 예쁜듯
769,4
770,진짜진짜 재밌어요 ㅋㅋㅋㅋㅋ 대박임..
771,생각보다 평점이 낮네요. 역시 메릴 스트립! 그리고 아만다라는 배우의 새발견!
772,우와 짱!
773,얼마전 DVD로 봤는데요 ..극장에서 할때 못본게 후회됨..정말 잼있게 봤어요 ㅎㅎ
774,댄싱퀸부터 울음이 멈추질 않았다. 음악의 힘은 위대하다!
775,최고입니다.
776,팝송을 잘 모르는 저도 무척이나 익숙한 노래들이 나오고 너무 재미있게 봤어요 최고
777,티비에서하길래봣는데 잼네요
778,스토리는 그렇다 쳐도 노래하나는 최고다.
779,너무 좋았다~너무 유쾌한 영화였음. 망설이고 있다면 그냥 봐라!
780,노래도 다 너무 좋고 배우들도 좋고 너무 재미있다!
781,명배우들의 연기와 아바노래의 환상적인 만남.
782,아직 고등학생인 나도 맘마미아에 나오는 음악들을 듣고 익숙한 노래들을 다시 들어서 너무 좋았다
783,최고ㅋㅋㅋ
784,그리스에서 결혼하고 싶네 ~~ 맘마미아
785,음악영화는 왠지 억지설정이 있는 경우가 많은데 이영화는 자연스럽게 뭍어나온다
786,대박
787,뮤지컬 영화의 흥행판!!
788,그냥잼있음...이응이응....
789,금발의 아만다와 흥겨운 아바
790,노래  MAMMA MIA AND DANCING QUEEN SONGS GOOD
791,아만다는 단발머리가 젤잘어울려 ㄷ;
792,ABBA의 음악에 흠뻑 취할수 있는 영화..
793,세월에 장사 없다. 아바의 음악 때문에 8점.
794,영화관에서 봤었을때 정말 시간가는줄모르고 빠져들어서 봄
795,피어스 브로스넌 목소린 좀 아니지 않나 ㅋ
796,매끄러운 스토리 전개는 기대하지말고 음악을 듣자
797,뮤지컬이라고 생각하면 상당히 편하고 잼나죠
798,뮤직컬이라 생각하고 봐야 볼만함 음악 너무 좋네요
799,뮤지컬이 표현할 수 없는 디테일한 스토리와 그리스의 정취를 보여주는 멋진 영화
800,중간중간 맥락이 끊기는 느낌이 좀 심하다... 영화로 접근하기엔 부담.
801,굿
802,그냥 그랫음 ...ㅋ
803,"최고ㅠㅠㅠ정말사랑하는영화, 사랑스러운영화 행복하게만들어주는영화"
804,음악좋고 볼만한영화네요^^
805,절로 신나 ㅋ
806,노래두좋구 스토리도 굿!!맘마미아!!^^~~~~~~~
807,"음악이 좋았을 뿐만아니라 음악도 좋았고, 음악이 좋았고, 음악만 좋았네."
808,음악 덕분에 7점을 준다
809,듣기와 보기를 같이제공시켜줌
810,이렇게 신나는 데 무엇을 더 바랄까?
811,아바노래는 여기서 지겹도록 들었지 ㅋㅋㅋㅋ
812,음악이 좋고 음악만 좋다
813,오디오도 되고 비디오도 되는 영화
814,강츄^.^~
815,음악두 좋고 주인공들도 너무너무 좋네요. 정말 좋은데요?
816,친구와 심야로 보고 너무 행복해 집까지 걸어가던 기억이난다. 댄싱퀸부르며ㅋ
817,덕분에 즐겁고 행복하다
818,아만다 사이프리스 러브~
819,노래 진짜 명곡! 근데 진짜 지루했음 끝까지본다고 진짜 힘들었다
820,웃겼음.... ㅋㅋㅋ
821,음악만으로도 좋아요
822,뮤지컬영화답게 노래가 신난다
823,재밌고 노래가 너무 좋음
824,이영화는 아바노래를 알아야..
825,정말 최고의 뮤지컬영화
826,로또1등맞아서여행떠나고싶다없이사니깐어릭적착했던네가부모님께불효만하게된다
827,와 진짜재밌었어요ㅋㅋㅋ노래도다좋았고ㅋㅋㅋ
828,내 생애 최고의 뮤지컬이에요
829,약간은....
830,행복해지는 영화!
831,보고 또 봐도 재밋고 신나는 영화다
832,여름에 보면 시원할것 같은 영화
833,별점9점만준다.............
834,"진리예요!!! 사랑합니다♡
노래도 너무 좋아요!"
835,재밌게봄
836,재밋엇어요 !!!!1
837,이걸 보기 참 잘한것같아요!!!!정말 재미있어요!
838,음악과 함께 너무나 신나고 즐겁게 볼 수 있는 영화
839,유쾌한 한여름 날의 꿈
840,와...왜 이걸 이제야 보았을까? 정말 쵝오!!
841,높은 평점을 기대하고 봐서 그런가..생각보단 ㅠㅠ
842,괜찮은 것 같다. 본지가 오래됐지만 안보신분은 봐도 괜찮을 것 갗네요.
843,뮤지컬 맘마미아를 보았던 사람들에게는 무대의 감동을 영화로 다시 되살릴 수 있다.
844,조아여조아><
845,"단순한 서사구조 임에도, 인간의 모든 사소하고 보편적인 감정을 건드렸다."
846,허니허니노래 짱 좋음~ 뮤지컬에도 나오던뎅!
847,대박이었어요.^^100점만점에100점!!
848,와우!!!증말 재밌었어요!!
849,실망시키지 않는 영화
850,아바의 주옥같은 명곡을 만나는 시간
851,재미있다
852,또 다른 이가 부른...아바의 노래를 들었다는것 자체만으로도 별10
853,끝까지 눈과 귀가 즐거운 영화! 아바의 팬이라면 더더욱!!
854,코믹하면서도 배우들의 멋진 노래실력이 돋보였다.
855,해리가게이엿다니ㅋㅋ말도안돼 멘 마지막에 게이라는사실을 알앗어ㅋ님들도 찾아보삼
856,이렇게 늙을 수만 있다면 소원이 없겠다
857,영화보면서 한번도 안잤는데 잤다 끝까지 못보겠음
858,진짜 재밌는 영화다
859,맘마미아 원작 뮤지컬을 보고 싶게 만든 영화라면...잘 만든게 아닐까요?ㅎㅎㅎ
860,영화와 뮤지컬이 믹스되엉ㅆ어서 더욱더 지매있는영화^^
861,대박!
862,진자 재미 없엉
863,짱~
864,정말 재밌어요~5번 봤는데도 안 질리고 좋아요!맘마미아!아바!짱~~!!!!!
865,항상재밌다며 인정은하지만 4번이나봤는데 끝까지다못봤어 어째서지
866,아쉬움이 남는 영화...
867,정말 한편의 뮤지컬을 보는듯한 느낌을받았고 노래도 지루하지않아 큰도움이된거같다
868,"기대 많이 했는데, 아쉬움이 많았던 영화."
869,"3번을 끝까지 보려고 노력했는데, 1번도 끝까지 못봤네...지루해서"
870,재미있다
871,5번도 넘게봄.아!!! 대박!!!
872,맘마미아!
873,몇번을 봐도너무재밌있어서 노래도 다 외웠어요. 제가 좋아하는 뮤지컬이 되었네요.
874,정말 재밌었어요 이거 노래도 좋고 신나요 강추입니다
875,정말재미도있엇고.. 감동도 받아서 ㅎ 제가젤좋아하는뮤지컬로뽑혔써영ㅎㅎ
876,전체적으로 아름답고 쾌활한게 보기 좋았다.
877,완전지루
878,신나긴 하다.
879,뮤지컬 영화로서 다소 아쉬웠던...
880,"좀 지루했지만, 재미있었어요!!!"
881,.... 지루 ㅠㅜ
882,정말 좋았어요 특히 영화에 나온 노래들이 듣기 좋았어요
883,"원작은 어떤지 모르지만, 영화는 그저 노래만 좋았다뿐.."
884,완전 재미있음
885,별로인데... 엄마나 딸이나 둘다 이기적이야
886,재미있네요
887,전세계에서 먹히는 뮤지컬을 아직까지 만들어내는걸 보면 헐리우드란 꿈의공장인듯요
888,최고 까지는 아닌데 평점이 너무 나옴
889,참 유쾌하고도 행복해지는 이 기분! 명곡과 걸작이 만났네
890,재밋어요.
891,길이길이 내인생에 작품으로 남을영화
892,Thank you for the music!  Thank you for the love!
893,아만다때문에 받아놓고 2년만에 본영화...메릴스트립은 진정팔색조임을 깨닫게됨
894,노래에 비해 스토리는 막장 수준 기대하고 봐서 그런지 실망
895,한편의 뮤지컬보듯 봣다 걍 볼만한 작품
896,아바 아니였으면 끝까지 못봤을 영화
897,이런 명곡과 배우들로 이 정도 영화밖에 못만들다니.. 음악이 아깝다
898,유쾌하고 유쾌하다. 시종일관 흐르는 명곡은 덤!
899,한국민 정서에 맞지않는 오글거리는 춤과 노래..
900,사랑하고싶어지는영화 맘이따뜻해져요 ^^
901,잼있게 봤어요~ 뮤지컬좋아하시고 아바노래 아시는분은 만족하실듯^^
902,가족들이랑 봐도 정말 재밌어요
903,와우~이거 5번이나 봤던 영화!!!넘 재밌어서 자꾸 보고싶고~가장 인상에 남던 영화!!
904,아만다사이프리드를다시봤다..노래잘해연기잘해얼굴이뻐..이건뭐♡
905,졸린다 졸린다 졸린다 영화관가서 잠들었음
906,메릴스트립의 연기......최고!
907,기대보다는 좀 덜 했지만 그래도 아바의 명곡과 멋진 연기를 본 것 같습니다.^^
908,오와 이렇게 맘마미아가 재밌는지 몰랐어요. 신청자 여러분들도 즐거움을 느껴 보세요
909,아바의 노래와 명배우들의 뮤지컬
910,아바의 노래가 좋은거지 영화가 좋진 않았어요. 아바는 그냥 원곡으로 듣는게 진리.
911,완전즐거워요 ㅋㅋㅋ
912,허니 허니~~ 즐거운 귀와 눈!~
913,와우! 정말 최고의 뮤지컬 영화였어요~
914,재미있네! 배우들다 너무 좋은듯!!
915,최고의 뮤지컬 영화!
916,메릴 스트립. 그대와 춤추고 쉽구료...
917,노래좋다 ㅋㅋ
918,노래 ㅋㅋ좋음
919,노래가 별로래ㅋㅋㅋㅋㅋㅋㅋㅋㅋ
920,너무 이뻐 아만다 ㅠㅠㅠ
921,"뮤지컬영화의 한획을 그은영화, 아바를 잘 몰랐지만 이영화를 통해 알게되었다."
922,메릴 스트립 너무 좋다! 근데 뮤지컬영화는 어딘지 모르게 지루한면이 살짝있음 ㅎㅎ
923,아바의 음악을 좋아한다면 볼 수 밖에 없다.
924,아바의 노래를 싫어하는 애들도 있구나...
925,일처다부제를 꿈꾸는 꼴펨용 뮤지컬.. 이게 13세 영화라니..
926,영화라고하기는..하지만음악이좋앗고음악영화이다좋앗다 ㅋ 추천
927,혼자 pmp로보면 재미없고 영화관에서 다같이 보면 즐길수 있는 영화
928,뮤지컬은 정말 내 취향이 아니다. 보다가 꺼버렸음
929,뭐 이런 영화는 별난 영화죠   나오는 사람들도 좀 그렇고 한마디로 말해서 별로임..
930,그냥 보통. 무난한 영화임. 내가 뮤지컬 영화를 그닥 좋아하지 않아서 그런듯도..
931,very good 영화관에서 6번이나 봤는데 볼때마다 감동
932,피어스 브로스넌의 노래를 제외하면 다 좋다
933,최 고
934,보면서 나도모르게 노래를 흥얼거렸다는.. 부담없이 볼 수 있는 뮤지컬 영화~
935,대박 정말 신나요 뮤지컬 엄청 좋아졌어요
936,예전에 영화에서 보다가 잠들었는데 역시 ......... 재미없음
937,어떻게 이렇게 유쾌하게 울릴 수 있는지...아름답고 감동적이다.
938,乃
939,여기 나온 노래중 안좋은게 하나도 없네~~
940,어머니와 같이 감상했습니다.. 최고!!뮤지컬이란장르별로안좋아하는데정말최고입니다.
941,시시해서 잠들어 버린 영화. 노래도 별루
942,"최고의 연기, 최고의 음악, 아바를 빛낸 최고의 뮤지컬"
943,나는 이런뮤지컬영화는 별루던데...
944,으으아아아아아악~~~~ 메릴 스트립!! 메릴 스트립!!!! 당신은 쵝오에요~~~!!!
945,좋네여
946,엄마랑 같이 봤는데 좋았어요!~!~!~!`
947,연인끼리 볼만해요
948,아름다운 지중해!! 신나는 음악!!
949,갱년기 여성들을위한 판타지포르노.동서고금을 막론하고 여자셋이모이면 겁나시끄럽다
950,여타 유명 뮤지컬 영화들보다는 조금 부자연스럽고 과장된느낌;
951,완전 짱!!!!!
952,너무 재밋어요^^
953,재미있어요
954,"내용신선,감동,재미~!!! 짱이었슴"
955,왜 난 댄싱퀸만 들으면 폭풍으로 울고싶지....ㅜㅜ 흥겹고 즐거웠습니다.
956,유쾌하고 흥겹다 그리고 멋지다
957,솔찍히..지루하다..
958,잘 만들었는데 전 좀 지루하네요 ㅋ......그래도 역쉬 메릴스트립..
959,재미 있어요.
960,영화 자체는 약간 지루할지라도  노래만큼은 최고
961,신나는데 좀 느기하다......
962,재미없다
963,이게 왜 8.39점임? 영화를 겨털로 보나~ 적어도 9.5 이상 짜리다.
964,정말 괸찮습니다 .. 꼭 봐야할영화 굳 !!
965,유쾌하다 귀가 즐겁다 기분좋다~ 뮤지컬 영화라는 인식 이상의 영화
966,지중해의 밝은 기운을 몸속까지 전해주는 흥겨운 음악
967,꼭 소리 꽥꽥 지르면서 오도방정 발광떨어야 하나 볼때마다 스트레스 이빠이
968,어렸을때 좋아 했던 팝송.슈퍼트루퍼스가 아바의 노래였다는걸 이제서야 알게됨.
969,아만다 너무 이쁨..ㅋ
970,>.<
971,ㅋㅋ정말 즐거운 뮤지컬*^^*
972,나름 느낌있구 재미있다구 느껴요 ^.^ 즐거운 뮤지컬!
973,난 세상에서 보고싶은 영화인데..ㅋㅋㅋ
974,그냥 그저그런...쉽게 잊혀질 영화...
975,재밌었어요
976,재밋는 노래...
977,sos 대목에선 피어스 패고 싶었다. 볼 시간에 아바 시디 듣는게 정신 건강에...
978,약간 아쉽다. 킬링타임으로는 괜찮은듯
979,엄마의 마음~
980,유쾌하고 신난다.
981,즐겁고 긍정적인 영화..아바(ABBA) 에게 찬사를...
982,내가본영화중에 제일 재미있었는뎅 ㅎㅎㅎ
983,내인생 최고의 영화!
984,낭만에 대하여.
985,음악이 정말 신나고 좋았어요~진부한 스토리가 흠
986,신나는 아바 노래와 상큼발랄한 사랑과 청춘에 관한 영화.
987,아바의 노래를 아는 사람들만이 아는 이 기쁨과 즐거움
988,내 인생의 영화..
989,이렇게 유쾌하고 재미있을 줄이야
990,피어스브로스넌의 노래빼고는 99% 만족합니다. (개인적으로)
991,즐거움과 감동을 함께 가져다 주는 영화~~ 봐도봐도 질리지 않는...^^
992,봐도봐도 질리지 않는 영화~~
993,또 한번 보고싶당~
994,"두번째 보는데,..  더욱 아름답게 느껴진다.  OST도,.. 내용도,."
995,참.. 좋다! 영화를 보고 OST를 그냥 지나친 사람이 있을까?
996,명배우들과 명곡들의 힘.
997,좋아요ㅎ
998,중반에 약간 지루한감이 있었지만 정말 훈훈하고 좋네요 10점 !!!!!!!!!!
999,좋아요~
1000,신선한 영화~
1001,내가 사랑하는 사람에 대해 사랑을 다시 시작하게 할 수 있는 영화...
1002,ㅈ더샂
1003,"설 특선영화로 봤는데, 너무 제미있었어요. 노래부르는 장면들 너무 멋졌어요...^^"
1004,보는동안 정말 행복해요
1005,"도나가 ""The Winner Takes It All""을 부르는장면은 아직도 기억에남는 명장면"
1006,너무 너무 재미있게 봤습니다... 음악 짱!!! 스토리 짱!!!
1007,이렇게좋은 영화는 처음 봐요 완전 좋아요
1008,안먹어도 배부르다는 말을 이럴 때 쓰는 영화 happy~
1009,음악은 좋은데 내용이 너무 평범하다. ;; 그리고 브로스넌은 캐스팅에러
1010,신나네요!!
1011,맘마미아처럼 맘에 쏙 드는 영화를 본적이 없어요!!!!!! 그냥 최고!!!!
1012,역시최고최고최고!!!!!!
1013,노래로 가장 오래 기억되는 영화
1014,아바의 노래 어찌이루말로 표현할수잇으랴...!
1015,제가 브로드웨이에서 맘마미아를 봤는데 영화로 볼까요? 말까요?
1016,이거 정말 소름돋을 정도로 정말 멋있는 영화에요!!
1017,가볍게 기분전환으로 본 영화다. 8점에아만다사이프리드나와서 +2점
1018,"연기8, 플롯6,대본7,OST10 : 즐겁게 볼 수 있는 유쾌 상쾌한 영화. 가족영화로도 추천"
1019,만점짜리 ^ㅡ^
1020,재밌게봤어요~ㅋ
1021,노래는 좋지만 내용은 별로..역시 음악영화는 내스타일이 아닌듯..
1022,와우 정말 내 스타일임
1023,ost 구입하게 되네요.
1024,ABBA의노래와 스토리가 잘 어울렸던 영화^-^ 한마디로표현하자면 유쾌상쾌통쾌?
1025,"ost도 너무너무 좋고, 정말 좋았네요^^"
1026,아바의 노래가 아니었다면 그나마도 성공하기 힘들었던 영화였을것이다.
1027,난내가 재밌게봤으니
1028,재작년 가을에 오리CGV에서 보고 어제 TV에서 또 봤는데도 질리지 않고 재미있었어요~
1029,맘마미아! 보고싶당
1030,아직도 안 보신 분이 설마 있으려나
1031,춤과 노래를 좋아하는 한국인에겐 안성맞춤영화.
1032,맘마미아최고!!!
1033,나온 음악 모두 친숙해서 나도모르게 따라부르게 되네요 막장 스토리는 봐줄만
1034,"일부 안무,가창력에 문제있지만 아름다운 배경,음악으로 볼만함."
1035,메릴 스트립이 뮤지컬에 도저히 안어울린다.
1036,영화용 시나리오가 아닌듯... 아바음악 5점쳐서 6점.
1037,아바의 음악도 너무 좋았고 배우들의 연기도 훌륭했어요.
1038,신나는 음악과 약간은 막장인 듯한 스토리..;;
1039,나랑 안맞다
1040,아바노래정말최고네요~!! 영화즐겁게잘봤어요~^^
1041,오늘 TV로 보고 후회했다.  -----------------------영화관에서 안본걸
1042,10년 후에 다시 봐도 재밌을 거 같은 명작이에요
1043,towk78//저도 소싯적엔 당신같은 생각을 했던적이 있었죠..무비컬은 유치할꺼라고...
1044,짱이에요!!!!!!!
1045,"아,  요즘에 전우치 이런거나 보다가 이거보니까 진짜 재밌네요 ㅋㅋ장난아님 강추 !"
1046,가슴이 뛴다
1047,진짜 자기 감정을 노래로표현하는것이 아름다워요 . 최고의뮤지컬영화임 꼭보세요
1048,와~ 너무너무 재미있네??ㅎㅎ 두번이나 울었어 감동열정해피로맨스!!^-^
1049,지금설특집으로해주는뎅 짱재밋음~
1050,"대사는 노래로 들리고,노래는 대사같이 자연스럽고..더이상의 뮤지컬영화가 있을까?^^"
1051,맘마미아는 언제봐도재밋음><ㅎㅎ>
1052,진짜 최고 굿..!
1053,최고임ㅋㅋㅋㅋㅋ엄청좋아하는영화인데오늘하네요~노래짱이져!!
1054,그거 줫1나 재미없는데 머가 재밋지? 제밌다고하는분들 어리시네.
1055,완전 내용이 재밌네요 ㅋㅋ 이영화는 짱
1056,평점낮게 주는 사람이 이해가 안가는 영화
1057,"50% , 반쪽 영화,"
1058,적정 평점 6.5점....
1059,"good!메리르트립연기,노래잘하지 아만다 예쁘지 정말미치겠네"
1060,총알을 막고 콜라를 사이다로 바꿀 수 있는 위대한 음악의 힘!
1061,마지막까진못봤는데 진짜재밌고 노래가 너무좋음
1062,즐거운영화네요~
1063,ABBA여 영원하라!!
1064,영화와 분위기는 좋은데 스토리가 별로 없다. 캐주얼 영화같은 느낌이 드는...
1065,"노래들도 좋고, 아름다운 섬풍경도 좋았지만... 스토리가 조금 맘에 안들었어요."
1066,웅냥냥
1067,"뮤지컬 영화는 이래서 좋앙 음악도 좋고 , 한편에 뮤지컬을 보는듯..."
1068,끝까지보다가 자써
1069,밝고명쾌한분위기선호자인지라^^
1070,감동~ 즐거워요 ^^
1071,사랑해요
1072,처음부터 끝까지 발랄하고 행복했던 영화! 노래 굿 잡!
1073,음악은 좋았다. 뮤지컬로 보는게 더 재밌음.
1074,음악은 좋은데 뒤로 갈수록 영 .. 걍 영화로는 재미없다
1075,아바와 메릴스트립이 영화의 80%
1076,다른 사람들은 어땟을지 모르겠지만 정말 나하곤 안맞는 영화...
1077,정말재밌네요!! 모녀간의사이도 보기좋고~ 아바노래가사도다좋아요!!
1078,재밌고 ost를 피아노로 칠 만큼 제가 좋아하는 영화에요!! 완전 재미
1079,그닥
1080,보는 내내 즐겁고 신나고 ^^ 아바의 명곡들과 아름다운 배경이 참 좋은 영화군요 ^^
1081,포스터 하나는 참 그럴듯함. 역시 영화는 포스터가 중요해
1082,엄마랑 같이 보았는데 감동도 있었고 재미있었음 흥겨워서 추천 ㅎㅎ
1083,보는내내 경쾌함과 흥겨움의 연속 ㅎㅎ
1084,존나재밌어
1085,아바의 세대가 아니라서 리얼한 감동은 안온다
1086,전체적으로 좀 아쉽지만 아바의 노래(피어스브로스넌 빼고;)와 예쁜영상만으로도 행복
1087,비추
1088,재밌긴 했는데 점점 지루해지는거...
1089,재밌는것같은데 그날따라 졸렸던건왜일까
1090,정말뮤지컬영화라는 느낌을받았다 영화에서나오는 노래들 전부 신나고최고엿다 'ㅁ'!
1091,여자한테는정말최고영화일것같다.정말 노래 신나고 최고로 유쾌했다.ㅎ
1092,지루~~
1093,노래들이 너무 신나요~ 보고 나서 기분이 정말 신나짐 ㅋㅋㅋ
1094,가볍게잘봤습니다
1095,아만다 사이프리드 ♡
1096,진짜 여기나오는 노래들 다 좋은.......
1097,즐겁다!!
1098,아 존나 재미없어 보는내내 지루 노랜 왜 또 쳐불러
1099,닥치고 만점
1100,재미다
1101,뮤지컬이 역겨워 보이긴 처음... 7080만 좋아할 노래빨 영화~
1102,"영화를 즐겁게 보고난 후, 메릴 스트립이 49년생이라는 걸 보고 깜놀!!"
1103,맘마 미아!
1104,왜 5점이상이 없는거지 ABBA노래만 해도 8점인데
1105,굳
1106,그럭저럭
1107,진짜재밋다 ㅋㅋㅋ평점주려로긴한적처음!
1108,굿!
1109,재미서
1110,사랑스럽다. ^^
1111,"노래, 배우, 풍광 모두 즐겁다."
1112,뮤지컬로 느낀 감흥을 영화로 느끼긴 부족했다... 뛰어난 영상미는 인정
1113,콜린퍼스의 굴욕 ㅋㅋㅋㅋ  ㅋㅋㅋㅋ ㅋㅋㅋㅋ ㅋㅋ ㅋㅋㅋ?
1114,좋은거 같던데..
1115,한편의 뮤지컬을 스크린으로!! 댄싱퀸 아이해브어드림! 맘마미아! 짱짱
1116,재밌다..
1117,콜린퍼스 만세
1118,영화로 만들어도 잘만든 작품!
1119,매우 신나고 발랄한 뮤지컬 영화 ! 노래 너무 좋다..
1120,밋밋한 연출이 아쉽지만 아바와 함께라면 그들 모두 사랑스럽다
1121,good
1122,기막혀요!!!!
1123,내가본 영화중에 재미있고 음악이 좋다
1124,음악좋아요~
1125,내가본영화중최고다
1126,뮤지컬에 전혀 OOO않네요 굿!!!!
1127,너무멋져요
1128,줄거리가 약하다. 생각없이 보면 괜찮은 스토리. 그러나 왜?
1129,배경도 너무 이뻤구요 재밌었어요~
1130,기대만큼기대치에미치지못했음..노래빼면뭐없는영화
1131,뮤지컬은 그리 좋아하지 않지만 이렇게 신날수가 아바의 노래와 너무 잘 어울린다
1132,아바의 노래로 뮤직비디오를 만들었군.
1133,음악 빼면 별거 없음.-_-;;;
1134,누구나 흥겹게 노래에 흠뻑 빠져들 수 있는 그런 힘을 지닌 영화입니다 넘좋아!!!!
1135,음악이나올때마다흥이난다
1136,재미 없을줄 알았는데... 완전재밌음...
1137,두번이나 본 이 영화. 매우 인상깊네요 ^^
1138,지금껏 봤던 영화중 최고!
1139,이건 진짜 100점
1140,이래서 사람들이 뮤지컬영화를 보는구나...시간가는줄 몰랐음
1141,음악이 아니었다면 정말 졸작인 영화...
1142,유쾌하네요
1143,메릴스트립 진짜 최고의 연기자다.  한번만 보긴 아까운영화.
1144,노래만 좋다.
1145,아바의 노래와 메릴 스트립의 황홀한 노래로도 충분한 뮤지컬 영화이다.
1146,아바의 명곡들로 채워진 유쾌한 뮤지컬 영화..재밌었다..
1147,쵝오!
1148,경쾌한 영화인데 왠지 눈물이 한 방울...
1149,그냥 그냥 나의 기분을 좋게해준 영화 재밌어요
1150,괜찮은 작품
1151,유쾌했다.. 할머니들 멋졌음ㅋㅋㅋㅋ 노래도 너무 좋았다
1152,영화로 본 맘마미아 색다르네.. 잼있게 봤음
1153,아바 노래만 갖다 박아놧네... 근데 좋은건 뭐지???
1154,여기서나오는 노래 모두 좋아요 ㅎㅎ
1155,최고였음. 따뜻하고 사랑스러운 영화. 감동이 물씬. 나에겐 2008 최고의 영화임.
1156,극장에서봐서인진몰라두 잼이땅 아바노래도짱짱
1157,그닥.....ㅋㅋㅋ
1158,최고ㅋㅋㅋㅋㅋ 재미있게봤다.
1159,발랄하고 사랑스러운..
1160,별 천박한 영회를 다 보겠군~ 할머니들이 뛰어노는 장면은 정말 토할것 같다!
1161,콩가루집안을 미화시켜주는 뮤지컬영화
1162,아바의 음악들로 짜낸 스토리치곤 평범했다.그리고 성의없는 군무연출.
1163,진짜 별루~~음악만 좋네~~~
1164,그리스식은 이 남자 저 남자랑 즐기는거?? 뭐냐...생각보다 줄거리가 약하다...
1165,보고 진짜 놀랬다...너무....60년대 영화라해도 믿겠다..내용도 그저그렇고..난 별로
1166,학교에서맨날틀어주는영화!봐도봐도안질린다는ㅎㅎ
1167,너무 재밌어요!!!!
1168,음악만으로도 더 바랄 것이 없다
1169,다양하고 유명한 음악을 들을수있었어요. 조금 지루한 감이 있긴해요.
1170,솔직히 이 따위는 최졸작이다. 메릴 스트립의 연기에 대한 열정이 가상해 .. 봤음 .
1171,영화관에서 울며 웃으면서 봤어요 +_+
1172,극장에서 보고 집에서 또 봤습니다. 지중해의 그리스 마을도 멋있고 노래도 즐겁고
1173,맨 뒤였으면 진작 춤췄음 ㅋㅋ 소피 목소리가 너무 좋아~ ㅋㅋ
1174,재밌고 즐겁고 신나는 영화~
1175,노래가 너무 좋네요 분위기도 좋고
1176,진심재밌당
1177,쫭이야
1178,신나는 음악~ 그것만으로도 만족스럽다구
1179,30년이 지나도 ABBA의 음색은 통한다! 역시 맘마미아!
1180,난왜케재미업짘ㅋㅋㅋㅋㅋㅋㅋㅋㅋㅋ
1181,당연히 뮤지컬보다 낫구나
1182,잼썼음 ㅋㅋㅋ 노래는 다른 팝송에 비해 배우기 조낸 쉬움 추천ㅋㅋㅋㅋ
1183,노래 나올때 빼고 지루해 죽는줄ㅠㅠ 과대 광고로 짜증 지대로 났던 영화.
1184,완전 재밌게 봤어요!!
1185,별론데
1186,너무 너무 재밌게 봤어요.. 완전 감동이에요~~
1187,재밌게봤어요 ㅠㅠ 노래 짱좋음 ㅠㅠ
1188,진짜 좋았다. 보면서 제대로 미소지을수 있었던 영화.
1189,"주인공 너무 사랑스럽고, 음악도 좋은데. 엄마가 선택한 남자가 맘에 안들어! 흥."
1190,오리지널 뮤지컬 보고싶다...
1191,으 손발이 오그라드는 영화 ㅋ
1192,물랑루즈보고 이거 봐라. 이건 영화도 아니다. 차라리 돈 주고 가서 뮤지컬 보겠다.
1193,너무 재미있엇어여.
1194,"100점 줘도 안 아까운 영화. 메릴 스트립의 황홀한 연기, 조연들의 원더풀 가창력"
1195,진짜 재미없다...
1196,메릴 스트립. 정말 보물이다
1197,음악은 좋다...하지만 스토리는 막장...ㅡㅡ;;
1198,솔찌키 영화 막 만든거같다
1199,학교에서 틀어주길래봤는데...대충봐서 그런지 재미하나두없던데ㅠㅠ-2008/?/?-SCHOOL
1200,글쎄.. 좀 대충만든거 같다.. 뮤지컬 영화치곤.
1201,최고의 영화! 내 인생에 활력소!
1202,진심으로 재미 없었다;; 인상적인 장면도 없고 물 흐르듯;;
1203,경쾌한 사랑의 멜로디!
1204,10점 만점에 100점!!!
1205,잼썼었영
1206,뮤지컬 영화는 나랑 안 맞구나
1207,1시간반짜리의 지루한 뮤직 비디오....
1208,정말 재미있었어요^^ 사진 스크랩해갈께요~~
1209,행복해지는영화였다.^^
1210,맘마미아! 속에는 가슴 찡한 감동과 유쾌함과 행복이 있었다.
1211,흥겹고 재밌었음 ㅎ 영상도 신선했고~
1212,그냥 볼만했음..
1213,아바를좋아해서 영화까지좋아하게되네..
1214,'아바'를 알고 있다면 더 재미있을 수 있는 영화.
1215,다들 마약한것 같았다. 그만큼 내 정서와는 안맞는듯..
1216,볼만했다 ㅋㅋ 노래 좋네~ ㅋㅋ
1217,처음부터 마지막까지 노래와함께 유쾌하게 즐길수있는 영화^^
1218,소피처럼 깜찍하고 상쾌하고 유쾌한 영화!보는 내내 즐거웠다^^!
1219,"아름다운 배경, 아바의 명곡, 배우들의 열창.. 그것만으로도 충분했다!"
1220,잼있었어요~~~
1221,왜 내가 올린거 지우냐 네이버....
1222,노래가 모든걸 커버하는 영화..
1223,영화를 보는 내내 기분이 좋았다. 즐겁과 상쾌한 영화이다.
1224,추억의 아바 노래 감상
1225,"스토리는 그닥이였지만, 굉장히 유쾌하다"
1226,"뮤지컬은 나에게 별로 맞지 않나보다, 산만하게 느껴짐 ㅠㅠ"
1227,ㅋㅋㅋㅋㅋㅋ뮤지컬영화중 최고야 ..마지막에 좀 복잡햇찌만 그래도 최고!
1228,뮤지컬을 봤었는데 그때도 대박 잼있었고 영화도 대박이다. 흥행도 대박이라니 ㅋㅋ
1229,이런 장르는 별로지만 그래도 감동적인 이야기죠...
1230,너무 소란스러웠어...근데 소피는 예쁘더라*^^*
1231,ㅋㅋㅋ난 그저 그랬음 ㅋ 노래는 좋더라 ㅋㅋ
1232,계속 봐도 설렘과 감동이 변함없을 영화~!
1233,정말 볼 때 마다 너무 좋은 영화에요.
1234,영화 너무 좋네요~~
1235,아~ 잔짜 맘마미아 처럼 살고싶네요
1236,보고또봐도 질리질 않아..
1237,나랑 안맞아서 그런가....그냥 그저그랬음
1238,재밋음>_<
1239,그냥
1240,즐거움 만발... 흥겨운 만발... 하지만 스토리는 우리정서와는 헛발
1241,굿! 처음부터 끝까지 행복한영화는 이것뿐인듯? ㅋㅋㅋ 보는내내 행복
1242,춤을 추고 싶게 만든다. 노래도 좋고 가사도 좋고~
1243,내용보단 노래가 더 돋보이는 영화였다. 지금 생각해 보면 아주 뜻깊은 영화이다.
1244,즐거워지는 뮤지컬 영화~노래 너무 좋음 ㅎㅎ
1245,"카리스마 없는 메밀스트립의 춤사위 ""That's all"""
1246,와이거짱이다.학원에서공부다하면영화보는시간주거든요. 거기서이걸봤어요진짜강추
1247,유쾌하고재밌다.ABBA의 음악과 대작맘마미아를 영화화하면서 이정도도 못만들면 바보.
1248,좋아요~
1249,"기분 드러울 때 봤는데 충분히 기분전환에 도움됨, 말그대로 현실도피적인 재미."
1250,솔직히 최고의 뮤지컬 노래들이지만 갈수록 늘어진게 흠..
1251,"같이 뛰놀고 싶었던 영화! 한번보고 잊을수 없었던, 정말..이영화 기억에 남는다"
1252,굳굳굳 ㅠㅠ 꼭 실제로 가보고 싶어요 ㅠㅠ
1253,"음악, 영상이 너무 좋았다. 보는 내내 노래부르며 어딘가로 떠나고 싶다는 생각."
1254,노래가 너무좋아염
1255,신선한뮤지컬영화!! 보는내내즐겁고 재미있음
1256,뮤지컬 영화라기엔 부족.. 민망.. 생각없이볼만하다.
1257,"노래로 청각적으로 좋고, 아름다운 배경으로 시각적으로 좋지만 그게 전부"
1258,매 장면장면이 너무 아름다운 영화
1259,뮤지컬을 보는 듯한 느낌의 영화.
1260,ABBA 노래빼면 뭥미..........?? 노래가 그나마 1점이라도 살렸다.
1261,노래 정말 좋네요   볼만해요
1262,말로만 들어왔던 뮤지컬이지만 볼 기회가 없었는데 영화로 보고나서 꼭 보고싶어졌다
1263,시간아깝다. 차라리 아바의 원곡을 감상하는게 영화보다 훨~씬 마음에 와 닿을 듯...
1264,벅차오르는 즐거움을 느끼게 해준다.. 그들이 촬영하면서도 얼마나 즐거웠을까.
1265,아바의 팬이라면 적극추천..
1266,"즐거운 영화. ABBA 좋고, 아만다 사이프리드도 귀엽고."
1267,진짜 유쾌하고 즐거운 영화!
1268,콜린 퍼스 보는 재미만 해도 벌써 7점에 나머지 요소 3점 이건 뭐
1269,"아바의 주옥같은 명곡들, 뮤지컬 영화를 대표한다!"
1270,오랜만에 만난 행복한영화!!.살면서 한번쯤느끼는 여자들을위한 여자들을 향한영화!!
1271,뮤지컬말고도 영화로 나와서 너무 기뻤다..!! 노래도 너무 좋았어!!
1272,극장가서 보기엔 좀 아쉬운 영화인듯
1273,이 영화를 보면.. 인생은 아름다운것인데....
1274,참 괜찮은 영화네요.^^ 화면도 멋지고 음악도 좋아요.
1275,메릴스트립의 열정과 에너지만으로도 충분히 빛을 낸 영화
1276,Cool한 이야기 & 사랑스런 사람들의 하모니~!
1277,모두를 리듬에 맞치게 하는 음악만은 일품이다
1278,"솔직히 잘모르겠다,, 노래도 내용도,,"
1279,전정말 아름다운 영화라 생각하는데 아니신 분도 많네요 ㅎ
1280,극장에서 보고 돈아까워 죽는줄 알았다
1281,노래만 좋은영화. 지루한감이없잔아잇엇다
1282,음악만으로도 좋았다
1283,ost는 좋았지만 약간 지루했던영화
1284,"가장아름다웠던,,,,,,,,,,,,,그런 영화난 강렬한사랑하며 평상행복하게 살꺼야 ㅋㅋ"
1285,나도 모르게 아무생각 없이 행복해짐을 느낌~~~~
1286,조금 지루한듯한 스토리를 좋은노래들이 메꿔준다~ost는 최강!
1287,극장가서 영화 2번보기는 처음..
1288,"노래방에서 장윤정의 ""어머나""를 다함께 부르는 흥겨운 기분!!"
1289,물랑루즈보다 더 좋았다. 뮤지컬장르는 여전히 별로지만.
1290,진짜 농담아니구요.. 이렇게 재미없는영화 거의 없는거같애요... 정말루요...
1291,제가 이떄까지 본 영화중에 쵝오
1292,노래가 넘 좋아요!
1293,좋은 노래 잘 들었습니다.
1294,잼있어요^^
1295,아까운 1시간 30분. 그냥 드라이브 하면서 아바노래 듣는게 더 나을듯.
1296,극장에서만 3번 봤네요...ㅎㅎ..
1297,넘 좋아요~~
1298,별루 평점보다 못하다는 생각
1299,"난 별루, 그냥 그랬다.."
1300,아바의 노래와 어우러진 최고의 영화!
1301,볼만한영화
1302,즐거운 영화.. 30대층은 아주 즐겁게 볼 수 있겠지만 꼬꼬마들은..^^;;
1303,노래랑 연기랑 진짜 ART.... 진짜 명작인거같음. 우리나라엔 언제 이런영화가...
1304,몃번을 보아도 헹복해지는 영화~
1305,삶의 고난을 노래로 표현해내는 메릴스트립의노련미
1306,"좋은 배우, 좋은 노래, 좋은 배경, 좋은 이야기, 다 합치지 기쁨 4배,"
1307,유명한 노래와 최고의 배우들이 나온 영하로서는 아쉽지만 뮤지컬이니까 ...
1308,제 취향이 아니었네요....
1309,인생관까지 바뀔정도로 좋았습니다. 심장이 터질듯이 감동적
1310,너무 멎지다!!특히 댄싱퀸을 부르며 마을 주부들과 춤추는것이 환상적이다!!>ㅂ<
1311,진짜 재믺음
1312,See that girl 이것만으로도 즐겁다.
1313,그동안 생각해왔던 많은 생각들이 밝아진 느낌...
1314,"재밌고, 아바의 노래가 이 영화를 위해 만들어 진것같아요."
1315,노래하나하나가 좋슴니다~!이야기도좋고요
1316,노래가 아주 좋습니다.
1317,마지막에 바닥부분 터질때.. 필름너무이쁘드라.ㅠㅠ 10점!!
1318,최고!! 상큼한 영화! 보고나서 계속 생각나고 또 보고싶은 영화~
1319,중간에 졸았다. 지루해서.. 그것만 빼면ㅇㅇ
1320,진짜 재밌음.
1321,스토리는 그닥 하지만 음악에 빠져들어 100분내내 신이났다
1322,전체적인 내용은 무덤덤하나.. 어느새 나까지도 흥에 겨워하고 있는. 뭐지 이 영화는?
1323,뮤지컬같고 동화같은 영화.
1324,지루할틈없는! 노래도 좋고 정말 최고ㅋㅋㅋ
1325,영화에 녹아든 음악에 빠져든다. 확실한건 아바의음악은 이제 클래식이는 것이다
1326,최고의영화라고하기엔분명부족하면서도뮤지컬의장점을영화로옮기는데는효과적이었다
1327,재미없다.
1328,가슴설레고 행복한영화다~!!
1329,보고나면 기분좋아지는 영화!
1330,ㅎㅎ 재밌어뇨~
1331,그리스진짜가고싶당 ㅠ.ㅠㅋ영화는!!!!!!!기대만큼은..ㅜㅜ그래도 예쁜영화!
1332,많이웃고 많이 울었습니다. 너무 좋았어요 .
1333,뮤지컬 영화. 아바의 음악만 틀어주는 영화. 귀만 즐거운 영화. 지루하고 별재미없다.
1334,영화의 많은 단점들도 아바의 노래 앞에선 한낱 옥의 티
1335,괜찮았던 영화...
1336,완전 재미 없음
1337,진짜루재미있었습니다.
1338,정말 괜찮은 영화였습니다.ㅇㅇㅇ
1339,영원한 맘마미아!!
1340,보고또보고싶은영화
1341,나만 졸렸어??
1342,가볍게 보기엔 괜찮은 영화
1343,너무 재미밌었어요!!! 진짜 유쾌한영화!!
1344,기대하고 봤는데.. 내용 별로네여..
1345,유쾌한 영화^^
1346,정말재미있어요 ㅋㅋ
1347,재미있어요
1348,ㅋㅋ 재미따 괜찮은 뮤지컬 영화여써
1349,기분 꿀꿀할 때 봤는데 기분전환용으로 좋네요 ^^
1350,나는 아바 팬이다
1351,"4번봤따,.,"
1352,왜 이렇게까지 떴는지는 모르겠지만.. 아바의 노래와 메릴 스트립만으로 볼만함.
1353,눈과 귀가 즐거운 영화
1354,음..좋은데
1355,엄마께서 영화고 드라마고 싫어하시는데 같이 이거 보시고 푹 빠지셧음 ^^잼있었어요
1356,진짜 재미있었음 ㅋㅋㅋ
1357,즐겁게 본 영화
1358,여자분들이 좋아하실만한 그냥 가볍고 유쾌한 영화.아바노래 오랜만에 들으니 좋네요
1359,아바노래가 반은 먹고 들어감.
1360,나는 역시 뮤지컬영화가 흥미가 안느껴진다..ㅎ...
1361,그래도 유쾌하고 즐겁다!
1362,시간가는줄몰랐다. 재미있다 ^ ^
1363,평점이 왜이렇게 높은지 이해할 수 없다 음악점 5점만점 스토리 5점 0점
1364,굿
1365,"딸역으로 나온애 오버표정연기가 좀 부담스럽네,내가 동양인이라서그러나.."
1366,최고
1367,눈 감고 음악만 들었다...감독이 제정신이 아닌듯...
1368,재밌어요 ㅋㅋ
1369,왜 난 가면 갈 수록 좀 지루해졌지? ㅋ
1370,노래가 너무 흥겨웡~
1371,너무 잼다 유에스비로 한10번은봤음  안질림
1372,너무 재밌어요~~
1373,눈과 머리로 보지말고... 귀로 듣는데 만족하면 될듯...
1374,첨엔 밋밋하다생각됐는데 중반이후부터 눈물도 흘렸다..
1375,댄싱퀸을 들으며 울 뻔 했다.
1376,아바노래 모르면 잼없고 알면 잼있지 난 최고 잼있더라
1377,영화도 괜찮네요
1378,미소가 끊기지 않았던영화! 나도 저렇게 즐겁게 살고싶다는 생각을 하게만든 영화!
1379,노래가 너무나 좋았지만 연출이 아쉬웠음 8점짜리 영화라 생각 ^^
1380,영상이 많이 아쉬웠지만. ~
1381,재밌게잘봄
1382,여자들이 보면 열광할영화. 사람마다 다르겠지만 난 그다지 별로.
1383,몰러 난 아바의 음악에 빠져서 그냥 좋더라
1384,재미없엉
1385,이와같이 행복하고 유쾌함을 즐기려고 영화를 보기도 하지.. 보는내내흥이절로난다!
1386,보는내내 유쾌하며 시종흐르는 아바의 노래가 너무 즐거웠음..
1387,"최악... 몰입도 안 되고, 별로임"
1388,진짜 재미있었음;; 결말이 좀 깨지만 ㅠㅠ
1389,영화가 뮤지컬같은느낌에 처음엔 재미없을줄알았느데 흥미롭다.
1390,"맘마미아의 노래는 멋지고, 아름답고, 재미있습. 그리고 영화는 너무 감동적입니다."
1391,꼭보삼
1392,그다지 볼만하진 않앗는데 멜로디랑 좋앗는데.
1393,재미없엉
1394,뮤지컬적인 요소를 잘 지킨 뮤지컬 영화
1395,즐겁고 흥겨운 영화 !
1396,진짜 노래 말고는 내용같은 건 쥐뿔도 없구나
1397,감동도별로고 뻔한스토리에 긴장감도 없고 킬링타임용으로도 비추
1398,바다색깔 예쁘다
1399,재밌었다.  정말 뮤지컬영화중에 최고였던것 같다.
1400,산만한 연출.... 발로하나-_- 노래빼곤 쥐뿔도없네~ 노래아니였으면 취침용으로딱이다
1401,보는내내 지루했다.ㅡㅡ너무 기대하고 봤군.
1402,정말 재미있었어?
1403,"뮤지컬로못봐서그런지노래는 진짜좋은데 별로 재미없었어요,"
1404,초반의 흥겨움을 후반까지 끌고 가지 못한게 아쉽다
1405,우려먹기는 그만... 팝송으로 영어공부했던 추억만 되살아날뿐...
1406,노래가 정말 듣기 좋아요...^^
1407,정말 좋은 영화에요.
1408,마음훈훈해지는 영화
1409,노래가 좋아서 그런대로 볼만함.
1410,진짜 완전 재밌었고 메릴스트립 외2명 노래도 너무 잘하고 후회없음!
1411,아 재미없다.흑백 뮤지컬 영화가 백배는 낫다..
1412,노래는 반갑지만 메릴 스트립 대신 노래 잘하는 배우좀 쓰지..
1413,"유쾌하고 즐거웠지만 살짝 졸렸지, 콜린 퍼스 아저씨 안습ㅋ"
1414,난 아무래도 뮤지컬 영화가 안맞는 것 같다.
1415,남는건 아바노래뿐....
1416,전 배우들 목소리가 정말로 거슬리던데요;; 아바 음악때문에 끝까지 보긴했습니다만.
1417,스토리보다는 노래가 너무 좋아서 빛났던 영화.. 소피 너무 귀여워~~
1418,생애 최고의 영화
1419,신나고 감동이 있는 영화. 스토리와 음악이 잘 어우러진 듯..
1420,소피만 이뻐.
1421,노래도좋고 ... 비주얼이 진짜 환상적이였다는 ... 매일 꿈꾸던 이상적인 섬이였음
1422,너무 좋은영화 메릴스트립최고
1423,음악도 괜찮고 영화도 좋고.
1424,노래가 진짜 좋아요!! 그리고 배우들 목소리도 정말 감미롭습니당 ㅎㅎㅎ
1425,음악도 좋고 내용도 좋구.
1426,음악은 좋으나 역시 영화로써는 스토리가 약한듯
1427,좋아좋아!! 노래도~영상도~
1428,난 정말정말 재밌게본영화+ㅁ+ 나만만족하면되지뭘ㅋㅋ 메릴스트립 연기 쩔어!!
1429,난 엄청 재미있는데 ㅋㅋ 바보들 ㅋ
1430,전혀 새로운 영화.. 그리고 아바의 음악..
1431,노...노래와 내용은 좋아요.다만 여자 출연자들이 좀 무섭네요..(안어울리는;;)
1432,완전재미없다 ㅋㅋ
1433,재밌어요 ♡
1434,열연들이 아깝다
1435,음악과 장면들은 좋았으나 뮤지컬을 좋아하지 않는 저로서는 아쉽네요
1436,맘마미아! 짱짱 ~~ 세상에서 잴 재밌는 영화였어열 !! ^^
1437,뮤지컬을 영화로 완벽하게 승화해 냈어요  최고 !!
1438,아맘마미아2번봤는데짱재미있어요역시맘마미아좀짱
1439,볼만해요....ㅋㅋ
1440,맘맘미아!재밌어요!
1441,멋쩌요
1442,Oh...very good great!Fantastic한 영화  짱짱짱짱짱짱짱짱짱짱짱
1443,노래땜에 봣다
1444,전되게 재밌던데;;
1445,"스토리는 없고, 노래만 있다. 그리고, 이렇게 지겨운 이유는 뭘까?"
1446,아무리 음악이 좋아도 스토리에 조금은 신경 썼어야지...
1447,"메릴스트립&피어스브로스넌 완전 에러캐스팅, 아바노래만좋다"
1448,"물랑루즈-시카고-드림걸즈의 스토리엔 마니 못미치나, 아바의 음악만은 좋았다"
1449,"오우 뷰티풀 , 너무재밌었음"
1450,유쾌하면서 훈훈한 영화!
1451,노래나오는영화를좋아하는사람이라면 좋아할영화.
1452,주인공 여자애 가슴 큰 거 빼고는 볼 게 없다.. 노래만 하다 끝나 --;
1453,"노래가 최고네요 , 배우들도 대단하고"
1454,우와 보고나서 감동 ㅎㅎ 엄마가 딸 시집보내는 감정을노래로 찡하게 표현 짱 ㅎㅎㅎ
1455,아바의 노래가 없었다면 존재하지 않았을 영화.
1456,유쾌하고즐거운영화!!
1457,"어머니를 위해 봤지만, 나중에는 내가 더 열광하고 있었다. 아름다운 가사의 노래들"
1458,가족끼리 보면 좋은 영화 예요 보면서 엄마랑 엄청 웃었어요
1459,즐거워지는 영화입니다.
1460,완전재미있어요. 스토리도 괜찮고요... 뮤지켤형식이라 잼있어요.
1461,와우 굳 이거 말이 필요 업는 영화네요 감정이 잇는사람이라면 잼잇는영화!
1462,아바의 명곡과 그리스의 아름다운 배경이 없었다면 지극히 통속적…
1463,아기자기했던 맥을 끝까지 이끌어가지 못한게 너무 아쉽다!ㅜㅜ
1464,무지하게 지루했다. 이런 비현실적이고 동화같은 얘기 딱 질색!!
1465,한편의 뮤지컬을 보는듯 노래도 정말 좋음
1466,맘마미아를 영화로 만든다면 더 이상의 구성은 없다. 소소하고 아름답고 신나고!
1467,전 재밌게 봤습니다 ^^;;
1468,처음10분-울고팠다..그러나 10분 이후-깔깔낄낄대며 관객모두 웃으며 관람^^
1469,돈 주고 보기에는 돈이 아까운 영화. 평점 너무 믿는 것도 별로 좋지는 않은 법
1470,지극히 여성취향의 영화.
1471,멋진 배경과 화련한 배경음악 .....
1472,아바의 환상적인 음악과 영화스토리의 절묘한 조화. 하지만 뻔한 스토리.
1473,솔직히 재미없다.....배경만 이뻤다.....
1474,아따 허벌나게 재밌고 감동적인 영화!  말이 필요없어요 ^-^
1475,기분좋음.좀 그런부분도 있었지만;;
1476,확실히 기분이 좋아지긴 해
1477,집중이 잘된다 진짜 ㅋㅋㅋㅋ다 들어본 노래들이라 뭔가 좋았다...
1478,언제 어떻게 봤느냐에 따라 어쩜.. 평점이 달라졌을수도 있었을 영화..
1479,이거 12세꺼 아닌거같던데 -_-
1480,재밌는데욤 ㅋ
1481,저도 재밌게 봤어요 ㅋㅋㅋ. 3번봤어요....... 영화관 1번 집에서 2번 ㅋㅋ
1482,솔까말...재밌게보진않았고 걍 두시간자리 노래잘들음
1483,정말재밌을줄알았다.....노래만잘부른다....
1484,이거보자고 했던 우리반 여자아이들을 패버리고싶다.. - _ -
1485,재밌게봤지만나중에뭔가허전하기도..조금더알찬내용으로 햇으면더대박났을것같은영화
1486,훌륭한 노래와 눈을 떼지 못하게 하는 섹스 심볼들. 근데 그거밖에 없는 영화.
1487,저는 진짜 재밌게 봤습니다.
1488,"최고,. 영화보고 평점주는거 첨이다 그것도 10점!! 최고 명작"
1489,음악과 상황의 절묘한 매치. 허나 허전한 구성.
1490,아바노래를 정말 잘 표현하며 감정이 잘 이입이 된것같다!
1491,노래 뭐 경쾌하고 근데 조금은 부산스러웠다고 생각
1492,"재미없어요 단지 주인공 이 이쁘고 노래좋고  내용이 너무 어이없는듯 특히 엔딩,.."
1493,그럭저럭
1494,한동안 내 cdp엔 맘마미아ost만...메릴 스트립의 the winner takes it all 감동!!
1495,바다내음이정말좋다..노래도정말신난다 새벽녁바다..짱!
1496,이걸보면 딱 떠오르는 단어 '지루'
1497,ost가 너무 좋아요 헤어스프레이보다 재밋더군요오~ 지금도 노래 듣고 있어요^^ sos
1498,이건 예고편도  재미있던뎁....ㅋ
1499,잼있었다ㅋ여자들이 좋아할만한 영화
1500,아주 흥미로운 영화였음 (뮤지컬)
1501,사실 뮤지컬영화치고는 별루다 헤어스프레이보다 훨씬 별루긴하다 ㅡㅡ
1502,왜이렇게 다 어색한지 괜히 신난척하는게 눈에 다 보이고 연기가 다 망쳐놈
1503,아바노래는 좋았지만 영화로서는 높은평가를 할수없는 범작
1504,지금까지 본 뮤지컬 영화중 캐최악!! 영화관에서 봤으면 캐후회했을듯.
1505,지금까지 본 뮤지컬 영화중에서 최고인듯!!!정말 영화관에서 안본걸 후회했어요..ㅠ
1506,이영화매우끈내주는걸요~`
1507,뮤리엘의 웨딩때부터 좋아했던 아바의 음악을 기분좋게 즐길수 있는 영화
1508,비디오로 빌려서 봤는데 극장에서 안본게 후회스러웠어요 ㅋ
1509,아바의 음악도 신나고...정말 유쾌한 영화...
1510,영화관에서 전에 봤는데 짱재미있어요
1511,재밌다~!
1512,재밌다최고다명작이다…☜구라까지마첨부터끝까지노래라평하고말것도없구만ㅡㅡ장난?
1513,재밋음ㅋㅋ
1514,무척이나 흥겹게 본 영화. 뮤지컬 같은 영화와 한 번도 못간 공연장에 간 느낌?
1515,가면서 지루해져 ㅠㅠ
1516,각자 자신이 재미있었으면 된겨~ 난 아바노래도 좋코 재미나던데??
1517,"진짜 뮤지컬을 보는듯한 느낌. 정말, 본것이 후회되지 않습니다!"
1518,올해 본 영화중 정말 최고!! 계속 노래나와서 싫다는 분은 뭐임;;
1519,올해 본것중에 최고!
1520,잼나요 노래가 짱좋음
1521,노래가 얼마나 영화에 큰 요소인지 깨닫게된영화
1522,청량감 가득한 상쾌한 영화
1523,뒤로갈수록지루한감이있지만음악은최고 근데 도나가 메릴스트립이라니...
1524,참 유쾌하고 느낌있는영화
1525,간만에 기분이 상콤해지는 느낌..
1526,크~~~! 보는내내 미소를 짓게 만들었다!! 허니허니가 맴돌아 ㅋㅋ
1527,9점주기도 애매해서 반올림 10점~~~!!
1528,보는 내내 어꺠가 들썩들썩 ....전체적완성도는형편없지만아바음악만으로도굿!
1529,재밋게 본 영화~!
1530,"아바 노래가 어쩜 영화에 하나같이 다 잘 어울어지는지 재미있게 봤습니다,."
1531,"노래 하는 건 참 신나고 좋은데, 쬠 지루하기도 하고"
1532,뮤지컬안보는사람1인; ㄴ무 즐거베봤어요 글구아바노래짱!! ㅋㅋ
1533,재미있었어요!!
1534,무지 흥겹네요^^ 메릴 스트립 오버 연기는 쬐큼 부담스러웠지만...
1535,스토리가 단순할수록 우리는 음악에 집중할 수 있다. 그것은 칭찬.
1536,뮤지컬 영화는 다 거기서 거기인듯....
1537,이게 뭐가 재미있다는 건지.. 영화로선 꽝이다는 의견들이 맞음.
1538,최고
1539,"ABBA 노래만 보면 10점 , 스토리상 보면 5점"
1540,노래만 듣기 좋았다 ㅋㅋ 아바짱 ㅋㅋ
1541,사람마다 다르지만 전 굉장히 지루했어요 스토리 전개가 이어지지가 않는듯
1542,"7살때부터ABBA의 음악을 듣고자란 24살청년입니다,애인과 함께봤는데너무좋았답니다^^"
1543,킹왕짱 캐감동 내 생애 최고의 영화! 개봉일이 긴 데는 분명 이유가 있다!
1544,중간에.......결혼식 하러 말타고 올라갈때 나 잠깐 졸았음;;;;;;;ㅋ
1545,노래와 춤만 흥겹고 늙은 여자 사랑이야기나 들어줄 여유따윈 없었다 ...ㅋㅋ
1546,웃다가 울다가 완전 푹 빠져서 본 영화..아바의 곡들은  지금 들어도 명곡이란 생각이
1547,메릴스트립과 피어스 브로스난이 출연한 뮤지컬이란 것만으로도 9점
1548,넘 넘 감명받아서 계속 훌쩍훌쩍ㅠ 내가 본영화중 ACE
1549,오랜만에 즐겁게본 영화에요ㅋㅋ
1550,시작부터 너무너무 흥겨웠다!!보는내낸 귀와 눈이 즐거웠음!
1551,great
1552,ABBA노래 가사말들이 이렇게 좋을줄이야!! 배경두넘예뻤고쵝오!!
1553,"가벼운 느낌의 영화. 메릴 스트립의 가창력과 아만다의 아름다운 목소리 덕에,,,"
1554,the winner takes it all 노래 정말 감동적이었다 ㅠㅠ
1555,아.. 진짜 인도영화같이 뭐야 계속 중간중간 노래야 그냥 줄거리대로 가던지
1556,내생애 최고의 영화중하나.. I have a dream에선.. 눈물이 주르륵..^^
1557,예전기억이 새록새록 떠오르는군
1558,젠장 영화에 내용이 없어 줄거리에 나온게 끝이야 음악도 상황에 안맞고
1559,"원래부터 ABBA의 팬이었고, 메릴 스트립과 아만다 둘 다 훌륭함..."
1560,여태껏 본 최고의 뮤지컬 영화중 하나~!
1561,즐겁다 웃기다 노래좋쿠~ 근대.. 주인공이 엄마야 딸이야~ ㅌㅋ
1562,짱이에요
1563,"영화/음악/스토리 다 좋은데, 자유분방의 극치인 사랑개념이 좀 걸리더라"
1564,전형적인 저질스런 미국영화aa
1565,완전 나오는 노래들이 다 중독성이 강한 노래들만 있어서 너무 재밌어요^^
1566,개인적으로 뮤지컬영화는 별로였던 나지만 보는내내 유쾨했던 최고의 뮤지컬 영화!!
1567,엄마들이 좋아할만한 영화인듯
1568,아바의 노래는 좋았지만 내용은 참 지루하네요
1569,"다소 어수선한 상황전개와, 장면만 정리된다면 정말 좋은 영화."
1570,정말 비추천영화네요 ㅋㅋㅋㅋ
1571,.....재미없었음...가끔 웃긴 부분은 있었음
1572,네이버 평점을 믿지 못하게 하는 영화  이거 틀어서 친구들한테 욕대박묵음
1573,보는 내내 가슴이 두근거렸던 영화
1574,보는 내내 즐거웠던 영화
1575,올해이영화를보지않았다면큰실수를한것이다.make thrill me
1576,보는내내 유쾌하고 노래는 당연 좋고 최고의 뮤지컬 영화
1577,재밌어요^^ㅋ
1578,최고~!!!ㅎ
1579,재밌어요
1580,최고!!
1581,아! 과거가 생각나며 애잔한 느낌으로 보았다. 메릴스트립의 연기력은 역쉬!! 굿!!
1582,"뮤지컬배우들이 출연했다면 더 나았을 수 있지만,  스토리상 일반 배우가 어울리네요"
1583,정말 재밌어요
1584,오버스런 연기가 오히려 노래와 어울려서 즐거움이 더하네요
1585,극장에서 두번 본 몇 안되는 재미난 영화..
1586,노래는 정말 좋았는데 내용은 좀 황당하네요. 정서가 안맞네요
1587,맘마미아!!노래가 너무 재밌었어.영화도 정말 재밌었어!!정말 좋은 영화야!
1588,??뭥미 솔직히 8점짜리는 아니라고본다셤기간에몰래본건데내가다시연필잡게만든영화다
1589,기대를 너무했나봐~ 생각보단~
1590,정말재밌는영화엿당 이런영화좀많이나왓으면좋겟음~~
1591,간만에 뮤지컬 본 느낌을 받았네요 보는 내내 엉덩이가 덜썩거려서 혼난났네
1592,너무 사랑스런 영화였어요~ ^^
1593,즐겁고 유쾌한 영화. 가볍게 즐길 수 있는 영화.
1594,"지겹고졸리고,, 계속 왜안끝나 이생각 하면서 봤음"
1595,반짝반짝 빛나는 보석같은 영화~!
1596,영화관에서만 3번을봤네요.ㅎ 몇번을 봐도 재미있는 영화!!! 완전 최고였어요
1597,귀에 익은 음악에 흥겨운 영화. 만듬새는 평이하지만..
1598,밑분 너무 과장하신다 그정도로 재밋진 않다
1599,"트리플 크라운 재미,감동,음악 메릴스트립의 팬이라면 무조건"
1600,재밋엇어요!감동이양
1601,영화관에서 노래를 부르고 싶은 감정에 싸였고 뮤지컬로 보고싶은 욕구가 생겼다
1602,음악 완전 즐거웠다 ㅎㅎ 내내 흥얼거렸음 ㅋㅋ
1603,정말 쓰레기 중에 쓰레기  올해 본 영화중 가장 최악...
1604,홀딱 반한 영화 최고 ^^
1605,아바의 음악에 경의를 표한다 느껴라!그리고 즐겨라~
1606,보는 내내 콧노래가 절로 흥얼거려지고 어깨가 들썩거리는 영화
1607,완전 짱!! 오버 쫌 짱... 노래 완전 좋곸ㅋ
1608,"진짜 재밌고,, 완전 영화 보면서 즐거웠다~ 고민거리가 사라지는듯"
1609,재밌었어요
1610,요즘영화스럽지않은 클래식함..
1611,기분이 좋아진다는건 부정할수없지만 배우들의 오버연기와 갈수록 지루해지는건 단점
1612,유쾌해지는 영화. 기분이 마구 좋아지는 근래에 보기 드문 영화
1613,내가 이걸 왜 봤을까...
1614,생각 보다는 노래도 흥겹고 재밌지만.. 내용이 조금 시시하네요 ..^^
1615,보고나니까 재미네요
1616,정말한번보고나니까절대후회하지않앗어욯ㅎ노래도다운받앗어욯ㅎ
1617,지극히 취향에따른 영화
1618,"노래와 춤은 흥겨웠지만, 내용은 쓰레기."
1619,너무 좋았던영화 한편의 뮤지컬을 본듯..
1620,팝송용많이듣는사람이 들으면 좋은영화
1621,쓰레기 내인생 최악 스토리 저질
1622,훌륭한 뮤지컬 영화가 되기에는 너무 부족한 그나마 아바라
1623,노래감상비 = 영화비 이건뭐 노래만 들린다 영상은 최저하
1624,종았어요.
1625,오래만에 참즐거운 기분이네요.그시절에 가서 앉은 느낌입니다
1626,재미있었어요!!!!!!!!!!!!!!!!!!!!!!!!!!!!!!!!!!!!!!!!!!!!!!!!
1627,추석때 부모님과 같이봣는데.. 이건 연인끼리...(노래는 Good)
1628,이거 완전 잼있었어요~~
1629,귀와 눈을 모두 즐겁게 하는 영화다
1630,완전재밋어요~!!!!!!!!!
1631,아바히트곡 엮어 만든 것이라 모두아는 음악.영화적 면에선 0.스토린 뻔한 여성성해방
1632,노래는 좋다..
1633,피어스 브로스넌.... 노래 못하던데 뮤지컬 영화에 캐스팅 된 이유는?
1634,지루는 했는데 스토리는 재밌네효
1635,무섭다... 여자들이란... 덜덜덜
1636,신나고 경쾌한영화. 웃음짓게 만드는영화^^
1637,아바를 잘 모르는 나.. 음악과 메릴 스트립이 좋긴했지만 지루한건 어쩔 수 없다..
1638,3명의 구멍동서 이야기. 노래는 좋으나 배우들의 가창력엔 문제가 좀 있다.
1639,영화를 가로지르는 경쾌한 음악.
1640,노래좋지만 뭔가 부족.. 하단느낌?
1641,걍..그럭저럭..
1642,ABBA팬이라면 꼭봐야할 영화입니다! 정말좋았습니다.
1643,아바땜에 별하나준다...이게영화냐 물랑루즈반만되라
1644,0점짜리 졸림
1645,속이 뻥뚫리는 기분?
1646,영상과 음악 하나하나~뮤지컬이 어색하지 않은
1647,밝고 명랑한영화.  나쁘지 않은 스토리에 좋은 배우
1648,넘넘 잼썼어요
1649,"노래도 너무 좋고, 재밌어요~"
1650,너무너무 재밌고요 뮤지컬과 합치니 너무나 아름다워요 ㅋㅋ
1651,넘 아름다운영화에요~ 기분까지 산뜻하고 행복해지는 영화~ 강추!!
1652,아바의 음악을 안다면 무한감동. 조금 아쉬운 연출력은 욕심일까...
1653,ost 다 다운 받았어요 아... 짱재미있었어요
1654,뮤지컬 영화 너무 좋아요 ㅎ
1655,군대에서 외박 나와서 어제 봤는데 신나고 재밌었어요. 기분전환 제대로 된듯 ^^
1656,지루하긴햇지만 재밋엇네요
1657,너무 재밋어요 ㅎㅎ
1658,재밋어요~ 뮤지컬을 보는 듯한...ㅎㅎ 푹빠져서 봤담니다.
1659,아바를 새로 알게됀 영화 ! 정말 너무 재미있습니다.
1660,"잘 만든 영화, 뮤지컬, ^^"
1661,"정말 감동 자체였습니다, 보는내내  사로잡혀 있었습니다! ㅠㅠ"
1662,아바 모르는것들은 리플 달지마.....감독 천재다...진짜 천재!!
1663,그냥 볼만한 영화. 흥겨운 노래가 백미.
1664,아바의 노래가 나옴으로써 더욱 즐겁게 본 영화~
1665,아바가 누군지 전혀 모르는사람은 점수를 적게줄수밖에 없는 영화...
1666,지금까지 본 영화중 제일 재미있었던 영화
1667,보고 나서 말하자. 정말 좋은 뮤지컬 영화
1668,처음으로 엄마와 함께 본 영화. 근데 프라다 입은 메릴스트립이 더 좋다.
1669,졸렸음
1670,남는건 음악뿐
1671,"이런게 음악의 힘!!보는동안 즐거웠던,기분좋아지고 음악의 신기함에 빠질수 있었던"
1672,난 ~ 메릴 스트립 보면서 이건 아니야 ~ 란 생각만 들든데 원곡들을 박살 내버린 으~
1673,완전 재미있고 내용도 완전좋아요^^ 진짜 진짜~
1674,노래가 너무 좋아요^^ 근데 이건 영화보단 뮤지컬인것같아요;;
1675,노래가 중간에 나와 재미도 있고 신나는 이야기
1676,남는 건 음악 밖에...다 아는 노래 들으러 굳이 7000원 낸 기분;;;
1677,재미있네요 ^^
1678,10년전 첨 아바곡을 접하고 팬이 되었다. 영화 보면서 미치도록 행복한 시간을 보냈다
1679,"너무아름다운배경,너무좋은음악,너무좋은배우들"
1680,메릴스트립의 노화를 빼고는 10점 만점에 10점
1681,보는 내내 즐거웠고 엔딩은 좀 어이없긴 했지만 그것도 재미있었다~
1682,정말 기분전환이 제대로...ㅠㅠ 돈벌어 그리스 가자..ㅠㅠ
1683,영화만 봤다.. 뮤지컬은 언제 또 해줄까..
1684,아 또보고 싶어ㅠㅠㅠ
1685,보구보구 또 보구시픈 영화~!!!
1686,즐겁게 볼수있어서 좋았다
1687,노래좋아
1688,나만그런가ㅠㅠ? 영화시작하고자서영화끝나고일어났던영화~ 돈아까움-..-
1689,내용은 크게 많이 없지만 즐겁고 유쾌한 영화였어요 거기다가 배경까지~
1690,보기전엔 뮤지컬영화라 어색해하신 엄마... 하지만 엄마와 난 웃고 울었습니다^^
1691,아쉬운 연출..그러나 음악과 배우들의 연기 그리고 그리스의 풍광은 환상적!
1692,보고있음 즐거워지는 영화 ㅋ 배경진짜이쁨ㅋㅋ
1693,영화관에서 온몸으로 느끼며 보아라! 아름답다.. 사람들도.. 배경들도.. 특히 소피;;
1694,걸작의 반열에 오를만한...너무 고마운...그리스 지중해.. 그들...너무 고마운 영화..
1695,계속 울었다.....................남들은 다 웃던데
1696,이걸 애인이랑 봤어야했는데 아놕 혼자보기에 아까운영화
1697,뮤지컬 영화는 처음입니다. 노래 정말 좋습니다. 내용도 좋지만 내용보다는 노래
1698,재밌어요ㅋㅋ
1699,너무재밌다!! 2번이나 봤어요!! 평점이 이상하네 -ㅁ- 무조건 10점!!! 두근두근 !!
1700,재미있었는데... 평점이 좋진 않지만 전 10점을 드립니다.!
1701,"정말, 상큼하고 아름다웠던 영화^^ 10점 만점에 10점~"
1702,"영화보는내내 소름이 돋았습니다,맘마미아 10점만점에10점!"
1703,전율이 온몸에 흐르게 본 영화
1704,텔레비젼으로 봐서 그런가? 난 그다지....
1705,"별 내용은 없지만, 음악이 신나서 그런지 기분 좋게 볼 만해요"
1706,진짜 재밌게 봤어요!!!^^
1707,신나고 유쾌하다.. 하지만 끝날때까지 신나기만 하다... 너무 가벼움!
1708,↓아래로 세명정도는 알봐인듯 ㅋㅋㅋ
1709,"보는 내내 엉덩이가 들썩거린 영화, 화장실에 가고싶어도 꾹참고 본 가슴설레인 영화"
1710,오늘 봤는데 노래 너무좋아  또 보고싶음 ㅋ~멋있어요 꺄꺄 ~
1711,"음 좋다 , 뮤지컬과 영화의 조화"
1712,노래는 좋다! 스토리도 괜찮다. 정말 좋다!
1713,스토리는 뭐 그럭저럭..노래는 굿
1714,보는내내 흥분감을 감추지 못함! 강추! 뮤지컬은얼마나대단할까!
1715,"잼있었어요, 좋은 노래도 듣고 ... ㅎㅎ"
1716,그다지..
1717,쓰레기
1718,그냥;; 좋은 노래만 듣고 왔어요 ^^;;; 영화로 보는건 그냥 보통..
1719,"보는내내 미소가 입에 가득걸려, 행복했다"
1720,영화는 재밌게 만들었다. 하지만 인생이 놀고 즐기는 것이 다가 아니지 않는가....
1721,차라리 뮤지컬보고말지
1722,남자들이 보기엔 별로 인듯..;
1723,볼거리가 많다.재밌다.그러나 스토리랑 결말이랑 자유분방함이 맘에 안들어서 7점준다
1724,잼있어요...
1725,"전 너무 좋았어요, 음악+배경 최고의 감동~~! 별 백만개."
1726,별로....이 영화 뮤지컬로도 유명해서 기대하고봣는데 진짜별로;;;시간아까워
1727,"이영화 보고나서 뮤지컬도 보고싶어졌다,..."
1728,아바 노래 아니었으면 볼 필요성을 못느낄 비디오
1729,아름다운 영상과 음악 덕분에 기분이 좋아지는 즐겁고 행복한 영화
1730,"뮤지컬적요소가 감소, 기대에는못미쳣으나 영화적요소로서 아름다운영상미가 돋보임"
1731,뮤지컬 보구나서 영화 보니 정말정말 별로...
1732,오웅굳 ㅋ 허니허니~
1733,아바의 노래가 없었다면 이 영화에서 곽객을 사로잡을 요인은 무었인가?
1734,즐겁게 봤습니다
1735,재밌게 본것 같네요^^
1736,혈액형 확인하면 친자 바로나오겠구만
1737,처음맘마미아를봤는데 정말재미있더라구요^^*ㅎ
1738,오랜만에 본 영화다운 영화- 보는 내내 행복하게 관람할 수 있었다. 굳!
1739,오랜만에 본 영화다운 영화- 보는 내내 행복하게 관람할 수 있었다. 굳!
1740,정말 재미없었다 돈아까워
1741,여태까지 봐왔던 영화와는 딴판! 정말 재밌고 감동있네요
1742,생각못한 감동! 생기넘치는 영화 굿
1743,엉성한 편집과 영상화면이 별로... 이래서 뮤지컬 영화는 어렵다. 딸만 예쁘더군여~
1744,오랜만에 재밋게 본 영화
1745,난 엄청 재밌었다 ㅋㅋ 노장파워ㅋㅋ
1746,뮤지컬형식의 영화로써의 매력을 잘 드러내어 보는동안 재밌다 느끼게 만들어주니 OK
1747,피어스 브로스넌이 좀 미스캐스팅인것같다 개인적으로 그것빼면 완벽해!
1748,"새로운 노래였음했는데, 다 아는 노래라서 식상했던, 딸로 나온 아이는 참 예뻤다ㅎㅎ"
1749,노래만 부르니?
1750,원작 뮤지컬이 궁금해지게 만드는 영화
1751,노래 좋고 스토리도 좋다 진짜 재밌다!
1752,정말 뮤지컬은 본것같아고 많이 개대했었는데 기대이상인영화!~
1753,사운드오브뮤직 이후 정말 오랫만에 느끼는 감동..
1754,처음으로 졸리지 않은 영화였다
1755,맘마미아기대안하고보고재미없는줄알았는데재밌네계속보고싶다
1756,별 기대 안하고봐서 그런지...재미있네요....
1757,난...왜이렇게 지루했을까 다들 잼있다네...예술영화&뮤직컬영화 좋아하는뎅~
1758,배우들의 열정적인 모습과 아름다운 멜로디가 만든 영화이다
1759,솔직히 뮤지컬영화치곤 좀 별로였지 싶다
1760,"노래는 좋은데, 너무 기대를 해서 약간 실망 .."
1761,배우들의 열정적인 모습에 감동적이었고 힘이 났다.
1762,그냥 딱 재밌었다^^ 보고나서 후회는안할듯~ 재밌었음^^*
1763,경쾌하고 달콤한 배경음악과 아름다운 지중해 바다와 섬. 흡사 뮤지컬을 본 느낌.
1764,영화에 노래가 더해지니 더욱 신선하면서도 내용전달이 잘 되는듯..좋았어요!
1765,영화내내 어깨를씰룩거리며신나게봣습니다. 이런퐌똻스틱한영화보고악플다는인간멍미
1766,"연기와 노래 모든것에 점수를 주고 싶음,ㅋ 신난다"
1767,음악만 좋은거 같음
1768,단순한 줄거리를 음악이 살려주네..소피목소리 너무 이쁘다..
1769,생각한것만큼이나 재미있지는않았지만 기억에 남는 노래가 많은노래 ㅎ
1770,ㅎㅎ 초반에 신나는 느낌은 속일수가없네
1771,음악만 듣고 가족이 보면 안될 영화..도대체 아버지가 누군지도 모르는 아일 낳다니..
1772,노래 너무 좋아요 ㅎ 두번이나 봤다는..^^
1773,뷁 노래만나오고
1774,평점이 생각보다 높다 이쩌나
1775,생각보다 못하다
1776,뮤지컬의 한계를 못 벗어난 2차원 영화.
1777,나도 이정도는 만들수 있다
1778,재미있었던영화인듯ㅋㅋㅋ
1779,가족끼리 보기 좋았던듯^^
1780,아 이런 아이들한데 보여줄려고 했는데;; 자막이 안나오네 ㄷㄷ;
1781,아~주재미있어요.근데 자막이라서 아이들이 보기 불편했지만 노래도 좋고 볼만했어요
1782,즉흥적인 상황들을 이해하긴 좀 그렇지만 유쾌하고 신났던 뮤지컬
1783,메릴스트립에게 불가능이란 없다!
1784,아바 생각도 많이 났고 정말 잼있었어요~!
1785,노래도 좋고~재미도있고~근데 끝이 좀 황당했다는..
1786,아~ 정말 멋진영화다~ 2009년 단영최고영화~ 벌써 몇번째 보냐~
1787,완전추천
1788,신나고 아름다운 영화다!!!
1789,최고 ㅋㅋ
1790,아주 재미있는 영화 ㅋㅋㅋ
1791,올해 영화중 최고이다!
1792,정말 유쾌한 영화
1793,뮤지컬 후광과 음악이 없었다면 ....과연
1794,너무 행복해서 눈물이 나는 영화 ! 최고의 뮤지컬!!
1795,원작의유명세와아바의노래가다인영화...차라리뮤지컬을봐라...브로스넌노래솜씨도안습
1796,행복이 미덕이다. 지구상 대부분의 쾌락주의자를 위한 헌사
1797,여자만을 위한 영화!! 난 최고! 우리 신랑은 최악인 영화~  ^^
1798,이건 아니야...
1799,재밌음
1800,최고최고최고!!!1
1801,"3번 넘게 봤지만,정말로 재미써요."
1802,음악이 귓가에서 떠나가질 않는다
1803,넘 재미있어요!~~ 나오자 마자 바로 봤어요~~ 또 보고 싶네요
1804,최고^^
1805,"평점안좋게 준 사람들은 중,고딩 이다에 내 손모가지와 전재산을 건다..ㅋㅋㅋ"
1806,너무재밌어요
1807,마치 다른 세계에 온듯한 기분
1808,정말 잼있어요
1809,강추
1810,최고 !
1811,진짜 강추영화! 행복해지고 즐거운 영화~
1812,"너무나 유쾌하고, 행복해지는 영화!!!"
1813,올해 내가본영화중에 최고의영화!!!!! 감동 즐거움 재미가 모두들어있는영화
1814,아주 볼만한 영화........
1815,노래로 다 부르니 ㅋㅋ 멋있고 재미있다 ㅋㅋ 신선한영화 굿 ㅋㅋ
1816,"마치 다른 세계에 온듯한 기분 .. 관객을 빨아 들이는 스크린, 황홀했다."
1817,뮤지컬을 영화로 만든 건 대부분 좋은듯..
1818,한마디로 흥겹다. 뮤지컬을 알게해준다. 음악도 좋다. 다만 리에이크여서 9점
1819,완죠~니 내스타일 ㅋㅋㅋ 넘좋아잉
1820,뮤지컬 따윗 재미없다
1821,걍 뮤지컬보러가는게.. 감동두 없구 지극히개인적으론 최악
1822,나의 어릴적 기억을 음악으로 떠올려준 영화 아바최고~~~!!! 감동감동~~!!
1823,전달하고자 하는 내용이 좋은 음악 때문에 더 와닿음
1824,뮤지컬을보고 봐서 그런가.. 좀 지루한 부분이 많았어요
1825,오랜만에 기분 좋은 영화 본거 같아서 너무 좋아요~
1826,어떻게 이런 명작에 1점을 줄 수 있지. 영화가 아깝다
1827,정말 오랜만에 영화를 다 보고 기립을 했던 정말 최고의 영화!
1828,노래가 신나고 재미잇네요 ^^
1829,씨발 ㅋㅋㅋㅋ이런 OO같은영화는 처음본다 정말
1830,영화보는동안 신났어요
1831,재밌었어요
1832,016분동안 비너스의 샘물을 마신듯한 설레임^^
1833,"뮤지컬영화 좋아하고 아바노래도 좋지만, 이 개같은 연출은 용서가 안된다"
1834,진짜 재밌었다. 지루하지않고 처음부터 끝가지 재미있었다.
1835,정말 재밋엇다 가슴속에잇던 스트레스가 다풀리는 느낌 ~!!
1836,뭔가 부족하단 생각이 든다... 중반부 넘어가선 지루한감도...6-7점이 딱 적당한듯...
1837,최고의영화
1838,날로그인하게만든영화이영화가처음이야좆 나 재 미 업 서 시 발
1839,짱 재미있음
1840,10점만점에 1점
1841,부모님이랑 볼때 추천 -ㄱ
1842,노래만 좋았다..
1843,뮤지컬 영화라 재밌게 볼수있음 ㅋ 노래랑 영화랑 잘어울리는 ㅋㅋ 노래도 신나구
1844,흑 영화관 스피커가 좀더 빠방햇으면 ㅠㅠ 암튼 잼있게 봣음
1845,별로..
1846,조연들의 연기도 끝내주네요~노래가 넘 좋아요`
1847,최고의 영화..빨리 접어라..DVD 사고싶당...
1848,오페라의유령 다음으로 최악의 영화 그냥 노래만 들으세요
1849,보는 내내 즐거웠던 맘마미아!
1850,진짜 최고의 영화
1851,되게재밌어요 ㅋㅋㅋㅋㅋㅋㅋㅋㅋㅋㅋㅋㅋㅋㅋㅋㅋㅋㅋㅋ
1852,"진짜거짓말안하고강츄!!!보는재미, 듣는재미로 2배를 더한 영화~!!!!!!!!"
1853,허억...미친듯이 죠낸 재미있음 꼭 보센
1854,완전 개 쩔어줌
1855,환장합니다 너무재밌음
1856,와 이렇게 사운드오브뮤직 이후로 대단한 영화는첨 정말 최고란 말밖에..
1857,메릴스트립 멋있어~
1858,좋았다..ㅋㅋ 처음부터 끝까지 좋은노래와 재미있는 스토리까지...
1859,최고의 영화였어요...
1860,ost가 마음에드네요. 뮤지컬도 봐야겠어요.
1861,가족영화로 정말 대박 강추 드립니다.
1862,맨마지막에 쫌 허무하긴 했지만 노래도 좋고 유머있어요~또 한번 보고 싶은 영화.ㅎㅎ
1863,정말 잼나여 또보고싶당.ㅋ
1864,ㅎㅎ.. 넘 노래가 조아염~
1865,볼만한데 여자영화인듯 노래가넘많아
1866,난 스토리를 떠나서 노래도 그렇고 흥미롭게 봤엄ㅋㅋㅋㅋㅋㅋㅋㅋㅋㅋㅋㅋㅋㅋ
1867,엄마 아빠 할머니 언니랑 같이 봤는데 다들 재밌게 보셨당
1868,뮤지컬영화노래시끄럽고난잡집중안되고다떠나서스토리진짜유치뽕짝보는내내후회막심
1869,19살의 남성에겐 그다지 재미가 없는 영화
1870,대만족
1871,정말이지 다시봐도 재밌는 영화.  돌아오자마다 아바를 검색하게 했다.
1872,다시보고 싶은 영화!!!
1873,감동과재미모두를갖고있는최고의 영화-
1874,사운드오브뮤직 이후로 진정한 뮤지컬 영화를 만났다.
1875,개인적으로 너무 재미있게 봤어요
1876,정말재미있음
1877,"정말 재밌습니다,"
1878,정말 좋아요.. ^^
1879,이런 영화 제일 재밌구 저의 최고의 영화네여 >_<
1880,영화  보는내내 너무 좋았어요
1881,재미있어요^^ 하지만... 중요한건...ㅎㅎ 뮤지컬이 더욱더 재미있다는거^^
1882,무얼 더 바라죠?? 이렇게 신나고 기분 좋게 만들어주는데...^^ 10점
1883,정말 너무 좋은 영화
1884,넘넘 조아요~~
1885,이 영화는 노래때문에 흥행했죠 ^^
1886,롱런이 말해준다. 나의 감수성을 왕창 자극한 영화. 재미없단 놈은 냉혈인간인가..
1887,이게영화인가 뮤지컬이 자장가로들려서 계속잤내
1888,정말 네이버 평점 난 왜이리 낚이는거지 ㅜㅜ...실컷 졸기만하구..
1889,사운드오브뮤직이래 최고의 명작^^  감동/눈물/사랑/행복/추억 가슴이 벅찬...영화^^
1890,멋진 스토리.멋진 배우.멋진 음악.그러나 어딘가 아쉽고 어설퍼서 안타깝다.
1891,영화관에서3번봤다는...ㅎㄷㄷ^^
1892,감동적입니다
1893,줄거리 음악 모두 만점!!!!!!! 정말 주옥같아요
1894,개인적으로 난 너무재미없었음;
1895,음악의세계로풍덩빠질수있었던~~^^
1896,노래는 좋은데 스토리가 별로네요
1897,노래는 짱이었어요! 근데 스토리는 그닥...
1898,3번봤어요. 볼때마다 재미있네요.
1899,말이 필요없는 최고의 영화!
1900,전 별로 였어요. 노래 연기 괘안았지만 스토리는 별로.
1901,뮤지컬보러가실분.......진심최고
1902,너무 감동적이었어요  극장에서 3일연속으로세번봣습니다. 근데 또보고싶어요
1903,노래며 연기며 전부 최고입니다. 한번 더 보고싶어요!
1904,좀 스토리가 재밌지 않았다. 아빠 하고 결혼식 가지고 너무 난리만 치는 영화인듯
1905,대형 뮤지컬을 이 가격에 봤다는데!
1906,즐겁고 감동적인 영화
1907,최고최고ㅠ
1908,가사가 이렇구나 ㅜㅜ
1909,중간에 살짝 지루.그래두재밌음! 유쾌하고 완전 신났음! 끝나고도 한참동안음악생각남
1910,혼자보러갔었는데요 보는내도록 귀와눈이 즐거운영화`?
1911,귀에착감기는노래상큼발랄한내용이영화보고있음뮤지컬같은삶을살고픈열망에빠져든다~
1912,유쾌해 !
1913,"아, 아쉬워라... 아쉬워라... 근대 즐겁네!!"
1914,스토리 이해가 가지않는 부분이 너무 많았따
1915,노래빼고 칭찬할구석이 하나도 없었다.
1916,"영화구성3점, 연기력7점, 재미성, 2점  시카고보다 더 잼없음 최악이였음"
1917,음악도 좋고 춤도 좋고 연기도 좋고 너무 다 좋아요^^
1918,완전 재밌어요 ^-^
1919,정말잼있었어요~~
1920,"너무 좋아요~ㅋㅋ 계속 머리속에서 남는 영화~노래도 다 너무 좋고, 연기도 잘하고,,"
1921,정말정말 후회안할영화엿서요!@ >@
1922,정말이지.....아바노래아니였음.....확!!! 노래만 좋아요~ㅋ
1923,이런 OO은 영화는 첨봐.. 가족관계가 이게 뭐야 그리고 재미도 없고 노래만 쳐불러
1924,계속 생각나는 영화.. 유쾌하고 잔잔한 감동도 있고 음악도 좋고 강추!!
1925,지금보고왔는데 넘잼써 글구요ㅎㅎㅎ
1926,노래만 불러요ㅡ.
1927,뮤지컬이야? 영화야? 뮤비야? 뭐야 대체? 정체성없는 영화!
1928,초반에는 재밌었는데 갈수록 지루 말도안되는 내용에 유치한 스토리
1929,댄싱퀸 부르는 장면만으로도 만점 ! 내가슴이 왜그렇게 뛰던지....닷닷닷!!!
1930,보고나면 맘이 훈훈해 지는 영화 ost들으며 영화의 감동에 다시 빠져봐야 하는 재미
1931,맘마미아 진짜 재밌어여!!!!!!!!!!
1932,재미있었다^^
1933,흥겨운 노래~ 예쁜 주인공~!!
1934,제 또래대가 재미없다고 했더니 무척재미있네요 ~ 십점만점에 백점 !
1935,재미도 짱!!! 노래도 짱!!!!
1936,재미있구 노래도 짱이었어요~!! 그런데 선정적인 언어가..; 여친이랑 보기 껄끄러움;
1937,돈이 아깝다 6500원 돌리도~~!!
1938,재밌게 본 영화^^
1939,미국음악과 가사를 잘알고 있던 사람은 잼 없음. 콩글리쉬 하는 사람은 잼있음
1940,기대도 안하고 가서 봤는데 정말 잼있다 너무 신나더라
1941,보는내내 신나고 즐거웠던... 출연진이 직접 부른 노래라는 것도 너무 마음에 들어요
1942,누구나 꿈꿀수있는 마법의 하루 영화 찍으면서 배우들도 매우 즐거웠을꺼 같다
1943,노래가 너무 좋았다.. 그리고 소피 너무 사랑스러운 캐릭터 ~~
1944,역시 인생은 나이가 들어도 노래와 춤을 함께할 수 있어야 ! 흥분과 감동!!!.
1945,노래짱!!!!!!!!!!!!!!!!!!!!!!!!!!!!!!!!1
1946,역시 노래 짱
1947,"재미있어요! 신나고, 즐겁고 유쾌하게 즐길 수 있는 영화같아요"
1948,진짜재밌었어요~^-^ㅋ아니지..재밋다기보단노래와어울리는장면들에압도당했다..??
1949,오랜만에 아바노래들어서 좋습니다 ㅎㅎ
1950,재밌어요
1951,엄청 재밌게 봤어요 ^^
1952,오랜만에 와이프와 중학생 초등학생 아이들을 데리고 영화를 봤는데 좀 신선했다
1953,"완전 재밌어요. 스토리도 탄탄하고, 연기면 연기~ 노래면 노래~ 짱이랍니다."
1954,이 영화가 왜 좋다는건데?..결국 개족보이야기..
1955,극장 스피커로 아바 음악 감상은 그리스 해변보다 환상적이었음! 스웨덴이 달라보인다
1956,신난다.. 재미난다.. ㅋㅋ 영화보단 뮤지컬로 보고싶을정도로.. 정말 잘 만든 영화
1957,초반보고 잤다. 노래나오면 깼다. ㅋ
1958,평점좀 깎아먹자! 대강 이영화 평점 6점대를 예상했다만 왤캐높아
1959,보는 내내 웃음을 안겨준 영화^3^* 노래들이 너무너무 좋았어요>.< 스토리도~~
1960,영화볼줄모른다고할지도 모르겠지만 진짜..삼류영화같았다.
1961,노래 완전 좋아요 ~ 재밌기도 하구 ~
1962,"노래도 너무 좋고, 배경도 너무 아름답고 내용도 좋구"
1963,전 학교에서 봤는데 노래 너무 좋고 재밌었어요ㅎ
1964,노래가 정말 좋았어요 ㅋㅋ근데 노래빼면 그냥저냥 좋은 영화일듯... 그래서 9점ㅋㅋ
1965,우왕굳♡..♡완죤 짱~
1966,맘마미아 정~~~~말 재미있고 감동적이었어요~맘마미아출연진들 홧팅!
1967,메릴스트립 포스 쨩~
1968,지나간시절을 다시한번 돌아볼수있었고  마음속열정을 다시금 일깨워준영화
1969,빌터너땜에
1970,내스타일이 아니므로 7점... 재밌게본사람들은 다 여자일까??
1971,재미있어요
1972,맘마미아쵝오!ㅋ
1973,최고!!
1974,역시 맘마미에요
1975,ㅡㅡ이게어떻게 평점이 8점이나나와 진짜 재미도없고 감동도없고 졸리는데 ㅡㅡ
1976,악.프 아줌마가 그렇게 노래 잘하는지 몰랐음 진짜 부른건 맞나 ????
1977,"메륄 아줌마 많이 늙었더라,,,"
1978,아만다 사이프리드의 재발견!! 그녀를 대체할 연기자가 없어보였다!
1979,십점만점에십점
1980,아무이유없어 10점 ㅋㅋㅋ
1981,짱이에요 노래도정말좋구요 배경도너무이쁘구요 강추!!!!!!!!1
1982,완전지대짱 완전코믹하다 완전강추 꼭인생에서한번봐야될진정한영화
1983,마음이 따뜻해지는 영화 good凸
1984,굿!!! 소장가치 있음.
1985,정말 재미있어요. 노래도 좋고 영화보게되면 자꾸 노래가 머릿속에 생각나요ㅎㅎ
1986,정말 여태까지 봤던 영화중에서 기쁘고 감동적 이였던영화 정말 안보면 아까운 영화 !
1987,몇번을봐도 재미있어요!!영화보구나서 노래를 흥얼거리게 만드는..^^
1988,"주옥같은 ABBA의 선율임에도, 완벽한 미스캐스팅, 엉성한 연출과 겉도는 촬영..."
1989,노래가 괜찮음 ㅎㅎ한번 보시길 전 오늘 보고 왔음*^^*
1990,울엄니가 최고라고 하셨음..
1991,재미있다
1992,재밌었고 무엇보다 노래강추
1993,노래완전 좋고 배경 아름다움 완전 쵝오
1994,이거 도대체 뭐가 재밌다는거지..
1995,잘만든 영화는 아니지만 노래 덕분에 한점 더
1996,정말 명곡들이 많네요 ㅋㅋㅋ
1997,진짜 대박영화~~!
1998,음악완전  짱!!!
1999,음악이 완전 최고 에요~
